"",".rownames","X1","X2","X3","X4","X5"
"1","able",1,0,0,0,1
"2","about",4,2,2,1,2
"3","above",2,6,4,1,1
"4","abraham",6,0,0,0,0
"5","abroach",1,0,0,0,0
"6","abroad",1,0,1,0,1
"7","according",1,0,0,0,0
"8","account",1,0,0,0,1
"9","accustomd",1,0,0,0,0
"10","act",1,2,1,2,1
"11","add",1,0,0,0,0
"12","adding",1,0,0,0,0
"13","admired",1,0,0,0,0
"14","adversary",1,0,0,0,0
"15","affections",2,1,0,0,0
"16","after",1,2,1,0,1
"17","afternoon",1,2,0,0,0
"18","again",4,8,7,3,5
"19","against",1,3,1,2,3
"20","agatestone",1,0,0,0,0
"21","age",4,0,0,0,2
"22","ago",1,0,1,0,0
"23","agree",1,0,0,0,0
"24","aimd",1,0,0,0,0
"25","air",2,3,1,1,0
"26","airy",1,2,0,0,0
"27","alas",2,1,1,3,1
"28","alderman",1,0,0,0,0
"29","alike",2,1,0,0,0
"30","all",25,12,30,17,11
"31","allcheering",1,0,0,0,0
"32","allseeing",1,0,0,0,0
"33","alone",3,2,1,6,4
"34","along",3,0,0,0,1
"35","already",1,2,0,2,0
"36","ambling",1,0,0,0,0
"37","ambuscadoes",1,0,0,0,0
"38","among",4,1,0,0,1
"39","ancient",4,2,1,2,0
"40","and",168,155,167,93,135
"41","andgodden",1,0,0,0,0
"42","angerd",1,0,0,0,0
"43","angry",1,0,0,0,0
"44","anguish",1,0,0,0,0
"45","anon",3,3,0,0,1
"46","another",2,3,1,2,2
"47","anothers",3,0,0,0,0
"48","anselme",1,0,0,0,0
"49","antic",1,1,0,0,0
"50","antony",1,0,0,0,0
"51","any",4,13,2,0,2
"52","apology",1,0,0,0,0
"53","approach",1,0,0,0,2
"54","april",1,0,0,0,0
"55","are",21,7,19,13,8
"56","armd",1,0,0,0,1
"57","armed",1,0,0,0,0
"58","arrow",1,0,0,0,0
"59","art",6,19,18,3,8
"60","artificial",1,0,0,0,0
"61","aside",2,1,3,1,2
"62","ask",2,1,1,0,1
"63","askd",1,0,0,0,0
"64","asked",2,0,0,0,0
"65","asking",1,0,0,0,0
"66","asleep",3,0,1,1,0
"67","assailing",1,0,0,0,0
"68","assembly",1,0,0,0,0
"69","athwart",1,0,0,0,0
"70","atomies",1,0,0,0,0
"71","attend",1,0,2,0,1
"72","attendants",1,0,0,0,1
"73","augmenting",1,0,0,0,0
"74","auroras",1,0,0,0,0
"75","away",9,3,6,1,4
"76","awhile",2,2,1,0,1
"77","babe",1,0,0,0,0
"78","bachelor",1,0,0,0,0
"79","back",3,9,11,2,3
"80","backs",1,0,0,0,0
"81","backward",3,0,0,0,0
"82","bade",1,2,1,0,1
"83","bakes",1,0,0,0,0
"84","balthasar",1,0,0,0,17
"85","banquet",1,0,0,0,0
"86","beams",1,1,0,0,0
"87","bear",4,2,3,2,1
"88","bearing",1,0,0,0,1
"89","bears",1,0,0,1,0
"90","beasts",1,0,0,0,0
"91","beat",2,0,2,0,0
"92","beats",1,1,2,0,0
"93","beauteous",1,1,0,0,0
"94","beauties",2,0,1,0,0
"95","beautify",1,0,0,0,0
"96","beauty",8,0,1,0,2
"97","beautys",1,0,0,0,1
"98","because",1,1,3,5,0
"99","bed",4,3,6,7,2
"100","been",3,5,4,5,3
"101","beetle",1,0,0,0,0
"102","before",4,3,5,4,4
"103","began",1,0,1,0,0
"104","begin",3,1,0,0,0
"105","begone",1,0,0,0,0
"106","begot",1,0,0,0,0
"107","begun",1,0,0,0,0
"108","behold",2,0,2,2,1
"109","being",10,7,3,2,3
"110","believe",1,1,1,0,1
"111","benefice",1,0,0,0,0
"112","benvolio",39,20,21,0,0
"113","beseech",1,1,2,1,2
"114","beseeming",1,0,0,0,0
"115","best",2,1,5,4,0
"116","betake",1,0,0,0,0
"117","better",3,4,3,1,1
"118","between",1,1,1,0,0
"119","bid",2,2,6,3,5
"120","bide",1,0,0,0,0
"121","big",2,0,0,0,0
"122","bigger",2,0,0,0,0
"123","bills",1,0,0,0,0
"124","birth",1,1,2,0,0
"125","bit",1,0,0,0,0
"126","bite",6,2,0,0,0
"127","bitter",2,1,0,0,1
"128","bitterly",2,0,0,0,0
"129","black",2,1,5,2,0
"130","blade",1,1,0,0,0
"131","blades",1,0,0,0,0
"132","blessed",1,4,0,0,0
"133","blind",1,3,1,0,0
"134","bliss",1,0,0,0,1
"135","blisters",1,0,0,0,0
"136","blood",1,2,11,1,2
"137","bloody",1,0,2,2,2
"138","blow",1,0,1,0,0
"139","blows",2,0,1,0,0
"140","blush",1,1,1,0,0
"141","blushing",1,0,0,0,0
"142","bodes",1,0,0,0,0
"143","boisterous",1,0,0,0,0
"144","bone",1,0,0,1,0
"145","book",4,0,2,0,1
"146","borrow",1,0,0,0,0
"147","bosom",1,3,1,0,2
"148","both",4,7,9,1,2
"149","bound",5,0,2,1,0
"150","bout",1,0,0,0,0
"151","bow",2,1,0,0,0
"152","boy",4,0,2,0,4
"153","boys",1,0,0,0,0
"154","brags",1,1,0,0,0
"155","brain",1,1,0,0,0
"156","brainbut",1,0,0,0,0
"157","brains",1,0,0,1,0
"158","brawling",1,0,0,0,0
"159","brawls",1,0,1,0,0
"160","breaches",1,0,0,0,0
"161","break",1,0,3,0,1
"162","breast",2,2,2,0,0
"163","breathed",1,0,0,0,1
"164","breaths",1,0,0,0,0
"165","bred",1,0,0,0,0
"166","bride",1,0,2,2,0
"167","brief",1,0,2,0,2
"168","briefly",1,0,0,0,0
"169","bright",2,3,0,0,0
"170","brisk",1,0,0,0,0
"171","broke",1,0,1,0,0
"172","broken",1,0,0,0,0
"173","brother",1,0,0,0,4
"174","brow",2,0,2,0,0
"175","brows",2,0,0,0,1
"176","bucklers",1,0,0,0,0
"177","bud",1,1,0,0,0
"178","buds",1,0,0,0,0
"179","bump",1,0,0,0,0
"180","burden",2,1,0,0,0
"181","burn",2,0,0,0,1
"182","burning",1,1,0,0,0
"183","burns",1,0,0,0,0
"184","burnt",1,0,1,0,0
"185","bury",1,1,0,0,1
"186","busied",1,0,0,0,0
"187","but",38,49,63,14,17
"188","byr",1,0,0,0,0
"189","call",3,6,5,5,4
"190","called",2,0,0,0,0
"191","calls",2,2,4,0,2
"192","came",4,1,1,0,7
"193","can",10,11,9,1,9
"194","candleholder",1,0,0,0,0
"195","cankerd",2,0,0,0,0
"196","cannot",5,8,5,2,1
"197","canst",1,1,3,2,0
"198","capulet",41,3,36,44,9
"199","capulethold",1,0,0,0,0
"200","capulets",4,3,5,3,2
"201","care",1,2,3,0,0
"202","carriage",1,0,0,0,0
"203","carry",1,0,0,1,0
"204","case",2,2,3,2,0
"205","cast",1,1,1,0,0
"206","cause",2,1,1,1,0
"207","chamber",2,0,5,3,0
"208","chance",1,0,0,1,1
"209","change",1,1,1,2,0
"210","chaos",1,0,0,0,0
"211","chariot",1,0,0,0,0
"212","chaste",1,0,0,0,0
"213","chastity",1,0,0,0,0
"214","cheek",1,5,0,0,0
"215","cheerly",2,0,0,0,0
"216","child",2,0,5,8,0
"217","childish",1,0,0,0,0
"218","children",1,1,0,0,0
"219","childrens",1,0,0,0,0
"220","chinks",1,0,0,0,0
"221","choice",1,1,0,0,0
"222","choking",1,0,0,0,0
"223","choler",2,0,0,0,0
"224","choose",1,1,1,0,0
"225","christian",1,0,0,0,0
"226","citizen",1,0,2,0,0
"227","citizens",2,0,2,0,0
"228","citys",1,0,0,0,0
"229","civil",3,0,1,0,0
"230","clasps",1,0,0,0,0
"231","close",2,1,2,0,1
"232","closed",1,0,0,0,2
"233","clouds",2,2,3,1,0
"234","clubs",2,0,0,0,0
"235","coachmakers",1,0,0,0,0
"236","coals",1,0,0,0,0
"237","cockahoop",1,0,0,0,0
"238","cockerels",1,0,0,0,0
"239","cold",1,1,1,4,0
"240","collar",1,0,0,0,0
"241","collars",1,0,0,0,0
"242","colliers",1,0,0,0,0
"243","come",22,20,27,12,16
"244","comes",6,5,7,4,5
"245","comest",1,0,0,0,0
"246","comfort",1,0,7,2,0
"247","common",2,0,0,0,0
"248","compare",1,1,1,0,0
"249","consent",3,1,0,1,0
"250","consequence",1,0,0,0,0
"251","constables",1,0,0,0,0
"252","content",2,0,1,0,0
"253","continuance",1,0,0,0,0
"254","contrary",1,0,1,1,0
"255","convert",1,0,0,0,0
"256","corns",2,0,0,0,0
"257","could",6,1,6,2,2
"258","counsel",2,3,2,1,0
"259","counsellor",1,0,1,0,0
"260","count",1,1,2,0,0
"261","county",2,0,2,8,4
"262","course",1,0,0,1,2
"263","courtcupboard",1,0,0,0,0
"264","courtiers",2,0,0,0,0
"265","courtsies",1,0,0,0,0
"266","cousin",4,1,9,0,2
"267","cover",2,0,0,0,0
"268","coverd",1,0,0,0,0
"269","covert",1,0,0,0,0
"270","coward",1,0,0,0,0
"271","coz",4,0,0,0,0
"272","craves",1,0,1,1,0
"273","create",1,0,0,0,0
"274","crickets",1,0,0,0,0
"275","cried",1,0,0,0,0
"276","crow",1,0,0,0,2
"277","crowkeeper",1,0,0,0,0
"278","crows",1,0,0,0,0
"279","cruel",1,0,0,3,0
"280","crush",1,0,0,0,0
"281","crutch",2,0,0,0,0
"282","crying",2,0,0,0,0
"283","crystal",1,0,0,0,0
"284","cup",1,0,1,0,1
"285","cupid",1,2,0,0,0
"286","cupids",2,0,0,0,0
"287","cure",1,0,0,2,0
"288","cures",1,0,0,0,0
"289","curious",1,0,0,0,0
"290","cursed",1,0,1,0,1
"291","curtains",1,0,0,2,0
"292","cut",2,0,1,0,1
"293","cuts",1,0,0,0,0
"294","cutting",1,0,0,0,0
"295","dainty",1,0,0,0,0
"296","dance",4,0,1,0,0
"297","danced",1,0,0,0,0
"298","dancing",2,0,0,0,0
"299","dare",1,2,0,0,2
"300","dares",1,2,1,0,0
"301","dark",1,3,2,0,1
"302","date",2,0,0,0,1
"303","daughter",3,2,3,4,1
"304","daughters",3,0,0,0,2
"305","day",5,1,17,18,1
"306","daylight",2,1,1,0,0
"307","days",5,2,4,0,1
"308","dead",2,3,14,12,16
"309","dear",3,12,7,1,3
"310","death",4,5,24,16,20
"311","deathmarkd",1,0,0,0,0
"312","debt",2,0,0,0,0
"313","dedicate",1,0,0,0,0
"314","deep",3,1,2,0,0
"315","defiance",1,0,0,0,0
"316","deformities",1,0,0,0,0
"317","delay",1,1,1,0,0
"318","delight",2,1,0,0,0
"319","denied",1,0,0,0,0
"320","deny",1,2,0,1,0
"321","depart",2,0,1,0,1
"322","despair",2,0,0,0,0
"323","desperate",1,0,2,3,4
"324","despised",1,0,1,1,0
"325","devotion",1,0,0,1,0
"326","devout",1,0,0,0,0
"327","dew",1,1,1,0,1
"328","dewdropping",1,0,0,0,0
"329","dians",1,0,0,0,0
"330","did",5,9,11,2,13
"331","die",3,2,8,4,6
"332","dies",2,0,0,1,3
"333","different",1,1,0,0,0
"334","dignity",1,0,0,0,0
"335","dine",1,0,0,0,0
"336","direct",1,0,0,0,0
"337","discovery",1,0,0,0,0
"338","discreet",1,0,0,0,0
"339","disgrace",1,0,0,0,0
"340","disparagement",1,0,0,0,0
"341","disposition",1,0,1,0,0
"342","disturb",1,0,0,1,0
"343","disturbd",1,0,0,0,0
"344","doctrine",1,0,0,0,0
"345","dog",2,0,3,0,0
"346","done",4,1,4,1,0
"347","door",1,0,0,1,0
"348","dost",2,5,6,0,3
"349","doth",7,13,15,4,8
"350","dove",1,1,0,0,0
"351","dovehouse",2,0,0,0,0
"352","down",5,5,7,2,1
"353","drave",1,0,0,0,0
"354","draw",6,2,3,0,0
"355","drawn",3,0,0,0,0
"356","dream",7,1,0,0,2
"357","dreamd",1,0,0,0,0
"358","dreamers",1,0,0,0,0
"359","dreams",4,0,0,0,1
"360","drew",1,0,0,0,1
"361","driveth",1,0,0,0,0
"362","drownd",1,0,0,0,0
"363","drum",1,0,0,0,0
"364","drums",1,0,0,0,0
"365","dug",3,0,0,0,0
"366","dull",1,1,0,0,0
"367","dun",1,0,0,0,0
"368","duns",1,0,0,0,0
"369","ear",3,2,1,0,1
"370","early",4,1,4,2,5
"371","ears",3,3,3,0,1
"372","earth",3,4,9,2,1
"373","earthquake",1,0,0,0,0
"374","earthtreading",1,0,0,0,0
"375","east",2,1,1,0,0
"376","een",1,0,0,0,0
"377","eer",1,1,0,1,0
"378","effect",1,0,0,0,1
"379","either",2,3,4,0,0
"380","elder",1,0,0,0,0
"381","eleven",2,0,0,0,0
"382","elflocks",1,0,0,0,0
"383","else",3,5,4,0,1
"384","empty",1,0,0,0,3
"385","encounter",1,2,0,0,0
"386","end",1,0,6,0,2
"387","endart",1,0,0,0,0
"388","endure",2,0,0,0,0
"389","endured",1,0,0,0,0
"390","enemies",1,0,0,0,1
"391","enemy",2,3,0,0,1
"392","enough",1,1,3,2,0
"393","enpierced",1,0,0,0,0
"394","enrich",1,0,0,0,0
"395","enter",19,13,15,14,13
"396","entire",1,0,0,0,0
"397","entrance",1,0,0,0,1
"398","envious",1,2,3,0,0
"399","ere",4,6,6,3,1
"400","esteem",1,0,0,0,0
"401","ethiopes",1,0,0,0,0
"402","even",5,1,4,0,2
"403","ever",2,0,6,4,0
"404","every",3,3,5,1,0
"405","examine",2,0,0,0,0
"406","excellent",1,1,0,0,0
"407","excuse",1,2,2,0,0
"408","exeunt",9,6,5,8,2
"409","exit",3,7,9,7,5
"410","expire",1,0,0,0,0
"411","exquisite",1,0,0,0,0
"412","extremity",1,0,0,0,0
"413","eye",6,6,6,0,0
"414","eyes",6,8,11,1,2
"415","eyesight",1,0,1,0,0
"416","face",6,6,3,5,2
"417","faintly",1,0,0,0,0
"418","fair",22,11,4,3,3
"419","fairer",1,1,0,0,0
"420","fairies",2,0,0,0,0
"421","faith",3,3,5,6,1
"422","fall",4,4,3,2,1
"423","falsehood",1,0,0,0,0
"424","fantasy",1,0,0,0,0
"425","far",2,3,0,0,1
"426","farewell",2,7,8,2,2
"427","fast",1,1,0,1,0
"428","fatal",1,0,2,0,1
"429","father",1,3,9,5,4
"430","favour",1,0,0,0,1
"431","fay",1,0,0,0,0
"432","fear",4,0,1,5,5
"433","fearful",2,1,2,1,1
"434","feast",5,0,0,1,0
"435","feather",1,0,0,0,0
"436","feathers",1,0,0,0,0
"437","feel",5,0,2,0,0
"438","fees",1,0,0,0,0
"439","fellow",2,0,1,1,1
"440","fellows",1,0,1,0,0
"441","felt",1,1,0,0,0
"442","female",1,0,0,0,0
"443","fetch",1,1,2,3,0
"444","fiery",1,1,0,0,0
"445","fight",2,0,2,0,2
"446","fighting",1,0,0,0,0
"447","film",1,0,0,0,0
"448","find",6,6,9,1,2
"449","fine",1,1,3,0,0
"450","finger",1,0,0,0,1
"451","fingers",1,0,1,3,0
"452","fire",5,1,0,0,0
"453","fires",1,0,0,0,0
"454","first",7,4,4,12,6
"455","fish",2,0,0,0,0
"456","fisher",1,0,0,0,0
"457","fits",1,0,0,0,0
"458","five",4,1,0,0,0
"459","fivefathom",1,0,0,0,0
"460","fled",1,0,1,0,0
"461","fleer",1,0,0,0,0
"462","flesh",2,2,1,0,2
"463","flourishes",1,0,0,0,0
"464","flower",3,4,0,2,1
"465","fly",1,0,2,0,1
"466","foe",2,3,0,0,0
"467","foes",2,0,0,0,0
"468","follow",2,3,1,1,0
"469","follows",1,0,0,0,0
"470","food",1,0,0,0,2
"471","fool",2,0,4,0,0
"472","foolish",1,0,1,0,0
"473","fools",1,2,0,0,0
"474","foot",2,5,0,0,2
"475","for",43,56,61,36,27
"476","forbid",1,0,0,1,0
"477","forefinger",1,0,0,0,0
"478","foreign",1,0,0,0,0
"479","forfeit",2,0,0,0,0
"480","forget",6,2,1,0,0
"481","forms",1,0,0,0,0
"482","forswear",1,0,0,0,0
"483","forsworn",1,0,3,0,0
"484","forth",3,1,3,2,3
"485","fortnight",1,0,0,0,0
"486","fortune",1,1,4,0,1
"487","fought",2,0,1,0,1
"488","foul",2,0,0,1,1
"489","fountains",1,0,0,0,0
"490","four",1,0,0,1,0
"491","fourteen",6,0,0,0,0
"492","fray",3,0,2,0,0
"493","freetown",1,0,0,0,0
"494","fresh",2,0,0,0,0
"495","friends",1,0,4,0,0
"496","frighted",1,0,0,0,0
"497","from",21,12,22,12,19
"498","frown",1,1,0,0,0
"499","frowns",1,0,0,0,0
"500","frozen",1,0,0,0,0
"501","fume",1,0,0,0,0
"502","further",1,1,0,0,3
"503","furthest",1,0,0,0,0
"504","gall",2,0,0,0,0
"505","gallops",2,0,0,0,0
"506","game",1,0,0,0,0
"507","gentle",5,2,3,1,1
"508","gentleman",3,5,6,0,0
"509","gentlemen",6,2,2,0,0
"510","get",1,0,3,3,6
"511","giddy",1,0,0,0,0
"512","girl",2,0,3,1,0
"513","girls",1,0,0,0,0
"514","give",7,6,11,13,10
"515","gives",1,1,1,0,2
"516","giving",2,0,1,0,0
"517","glad",1,0,0,1,0
"518","gladly",2,0,0,0,0
"519","glory",1,0,0,0,0
"520","gnat",1,0,0,0,0
"521","god",5,9,8,5,0
"522","godden",1,0,1,0,0
"523","goes",1,1,0,1,0
"524","going",2,0,0,0,2
"525","gold",2,0,0,1,2
"526","golden",2,1,1,0,0
"527","gone",6,1,15,4,7
"528","good",16,40,16,4,6
"529","goodman",1,0,0,0,0
"530","goodmorrow",1,0,0,0,0
"531","gown",1,0,0,0,0
"532","grace",1,4,0,0,0
"533","grandsire",1,1,0,0,0
"534","grant",2,0,0,0,0
"535","grasshoppers",1,0,0,0,0
"536","grave",2,2,4,2,7
"537","great",4,2,1,1,1
"538","greeting",1,0,1,0,0
"539","gregory",19,0,0,0,0
"540","greycoated",1,0,0,0,0
"541","grief",2,2,4,2,3
"542","griefs",1,0,2,0,0
"543","grievance",1,0,0,0,0
"544","grindstone",1,0,0,0,0
"545","groan",2,0,0,0,0
"546","ground",2,0,2,0,5
"547","grove",1,0,0,0,0
"548","grow",2,0,0,0,0
"549","grown",1,1,1,0,0
"550","grub",1,0,0,0,0
"551","grudge",1,0,0,0,0
"552","guest",2,0,0,0,0
"553","guests",3,0,0,1,0
"554","had",2,7,6,1,4
"555","hadst",3,1,2,0,0
"556","hag",1,0,0,0,0
"557","hairs",1,0,0,0,0
"558","hall",3,0,0,2,0
"559","hand",4,6,9,1,5
"560","hands",7,1,3,2,0
"561","hanging",1,0,0,0,0
"562","hangs",1,0,0,0,1
"563","happy",5,1,5,0,1
"564","hard",1,1,1,0,0
"565","hast",2,8,12,4,2
"566","hate",6,1,5,0,1
"567","hath",12,11,20,11,9
"568","have",30,30,35,21,11
"569","having",3,1,4,0,0
"570","hazelnut",1,0,0,0,0
"571","head",1,5,4,1,3
"572","heads",3,0,2,0,0
"573","health",1,0,0,0,0
"574","healths",1,0,0,0,0
"575","hear",5,6,6,3,2
"576","heard",1,1,0,0,0
"577","heart",4,6,10,6,0
"578","heartless",1,0,0,0,0
"579","hearts",3,3,0,4,0
"580","heaven",1,5,13,5,4
"581","heavy",5,2,2,1,0
"582","heel",1,0,1,0,0
"583","heels",1,0,0,0,0
"584","heir",1,2,0,1,1
"585","helena",1,0,0,0,0
"586","hell",1,0,5,1,0
"587","helps",1,0,1,0,0
"588","hence",2,3,11,2,8
"589","her",29,39,32,27,25
"590","here",16,13,22,7,20
"591","heres",1,3,2,0,3
"592","heretics",1,0,0,0,0
"593","hers",2,2,0,0,0
"594","herself",2,0,0,1,3
"595","hes",3,0,8,0,0
"596","hide",2,3,1,1,1
"597","him",17,19,35,12,13
"598","himself",3,4,1,1,0
"599","himselfi",1,0,0,0,0
"600","hinds",1,0,0,0,0
"601","his",46,31,24,12,20
"602","hissd",1,0,0,0,0
"603","hit",3,3,1,0,0
"604","hither",3,1,1,2,5
"605","hold",4,1,4,4,3
"606","holidame",1,0,0,0,0
"607","holp",1,0,0,0,0
"608","holy",3,6,3,5,4
"609","home",1,4,0,1,0
"610","homepage",1,0,0,0,0
"611","honest",1,4,1,1,0
"612","honestly",1,0,0,0,0
"613","honour",3,0,1,1,0
"614","honourable",1,1,3,0,0
"615","hoodwinkd",1,0,0,0,0
"616","hopeful",1,0,0,0,0
"617","hopes",1,0,0,0,0
"618","horses",1,0,0,0,1
"619","hot",1,1,5,0,0
"620","hour",2,3,7,1,4
"621","hours",3,2,0,2,1
"622","house",15,2,4,3,3
"623","households",1,1,0,0,0
"624","houses",1,0,4,0,0
"625","how",10,14,19,5,9
"626","huge",1,0,0,0,0
"627","humour",2,0,0,1,0
"628","hurt",1,0,5,0,0
"629","husbandfallst",1,0,0,0,0
"630","husbandgod",1,0,0,0,0
"631","idle",1,0,0,0,0
"632","iii",1,1,2,1,1
"633","ill",14,22,21,15,12
"634","illbeseeming",1,0,1,0,0
"635","importuned",1,0,0,0,0
"636","inconstant",1,1,0,1,0
"637","indeed",2,2,4,0,1
"638","infection",1,0,0,0,1
"639","inherit",1,0,0,0,0
"640","instant",1,0,0,0,0
"641","interchanging",1,0,0,0,0
"642","into",1,1,3,3,1
"643","intrusion",1,0,0,0,0
"644","invited",1,0,0,0,0
"645","issuing",1,0,0,0,0
"646","ist",2,1,2,0,0
"647","its",1,0,0,0,0
"648","jest",1,4,1,0,0
"649","jewel",1,0,0,0,0
"650","john",1,0,0,0,8
"651","join",1,0,0,0,0
"652","joiner",1,0,0,0,0
"653","jointstools",1,0,0,0,0
"654","judgment",1,0,1,0,0
"655","judgmentplace",1,0,0,0,0
"656","jule",3,0,0,0,0
"657","juliet",26,48,53,29,21
"658","keep",2,2,6,3,3
"659","kept",1,0,0,0,0
"660","kin",1,0,0,0,0
"661","kinsman",1,1,8,0,1
"662","kinsmen",1,2,0,0,1
"663","kiss",4,1,1,1,3
"664","kisses",1,0,1,0,2
"665","knaves",1,0,0,0,0
"666","knees",1,0,2,0,0
"667","knight",1,0,1,0,0
"668","knock",2,0,1,0,0
"669","know",10,7,7,7,4
"670","known",2,0,0,0,2
"671","knowst",1,1,1,1,1
"672","lacks",1,0,0,0,0
"673","ladies",5,0,0,0,0
"674","lady",29,12,31,26,7
"675","ladybird",1,0,0,0,0
"676","ladys",2,0,1,2,3
"677","laid",1,1,0,1,2
"678","lamb",1,1,1,1,0
"679","lammaseve",2,0,0,0,0
"680","lammastide",1,0,0,0,0
"681","lamps",1,0,0,0,0
"682","language",1,0,0,0,0
"683","languish",1,0,0,0,0
"684","lap",1,0,0,0,0
"685","lash",1,0,0,0,0
"686","last",2,2,2,0,2
"687","late",3,0,7,0,1
"688","lath",1,0,0,0,0
"689","laugh",2,1,0,0,0
"690","law",2,1,4,0,4
"691","lawyers",1,0,0,0,0
"692","lay",3,3,1,1,3
"693","lazy",1,0,0,0,0
"694","lead",2,2,0,0,2
"695","learn",2,0,1,0,0
"696","learnd",1,0,0,1,0
"697","learned",1,0,0,0,0
"698","learnedin",1,0,0,0,0
"699","learns",1,0,0,0,0
"700","leave",3,4,0,2,4
"701","leaves",1,1,0,0,0
"702","left",1,0,0,1,2
"703","legs",2,0,0,0,0
"704","lends",1,1,0,0,1
"705","lengthens",1,0,0,0,0
"706","less",2,2,2,0,0
"707","lessend",1,0,0,0,0
"708","lest",1,1,1,1,0
"709","let",12,7,11,8,7
"710","lets",3,1,2,0,1
"711","letters",1,1,0,2,2
"712","liars",1,0,0,0,0
"713","liberty",1,1,1,0,0
"714","lie",6,4,2,4,6
"715","lies",3,5,4,3,4
"716","life",3,2,5,8,3
"717","light",8,8,7,1,4
"718","lightness",1,0,0,0,0
"719","lights",1,0,1,0,0
"720","like",9,11,11,9,0
"721","liking",1,0,0,0,0
"722","limping",1,0,0,0,0
"723","lineament",1,0,0,0,0
"724","lips",8,0,2,2,5
"725","list",1,0,0,0,0
"726","little",2,3,5,2,0
"727","live",6,1,7,3,2
"728","lived",1,0,0,0,0
"729","lively",1,0,0,0,0
"730","liver",1,0,0,0,0
"731","lives",3,0,7,2,2
"732","livia",1,0,0,0,0
"733","loathed",1,0,1,0,0
"734","locks",2,0,0,0,0
"735","loins",1,0,0,0,0
"736","long",6,2,1,5,2
"737","longer",1,3,0,0,1
"738","look",5,1,12,8,5
"739","looked",1,0,0,0,0
"740","looking",1,0,0,0,0
"741","lord",2,6,12,5,5
"742","lost",2,0,0,0,1
"743","love",35,52,28,13,7
"744","loved",1,1,1,0,0
"745","lovely",1,0,1,0,0
"746","lover",2,2,0,0,0
"747","lovers",4,3,1,0,0
"748","loves",3,7,0,0,4
"749","lovest",2,0,0,0,0
"750","loving",2,2,1,1,0
"751","lucentio",1,0,0,0,0
"752","lucio",1,0,0,0,0
"753","lusty",2,0,0,0,0
"754","mab",3,0,0,0,0
"755","mad",2,1,4,2,1
"756","madam",6,2,9,6,0
"757","made",7,6,5,1,1
"758","madman",1,1,0,0,0
"759","madness",1,0,0,0,0
"760","maid",4,2,1,2,0
"761","maidenhead",1,0,1,0,0
"762","maidenheads",1,0,0,0,0
"763","maids",5,1,0,0,0
"764","maintains",1,0,0,0,0
"765","make",7,4,17,7,5
"766","makes",7,0,4,0,1
"767","making",3,0,0,0,0
"768","man",10,18,23,2,11
"769","manage",1,0,1,0,0
"770","manes",1,0,0,0,0
"771","mannerly",1,0,0,0,0
"772","manners",1,0,0,0,1
"773","mantook",1,0,0,0,0
"774","mantua",1,0,4,2,6
"775","many",4,3,3,3,0
"776","manys",1,0,0,0,0
"777","marchpane",1,0,0,0,0
"778","margent",1,0,0,0,0
"779","mark",2,2,1,0,0
"780","markman",1,0,0,0,0
"781","marrd",1,0,0,0,0
"782","marriage",1,3,2,2,2
"783","married",4,1,4,7,3
"784","marry",7,4,5,7,0
"785","martino",1,0,0,0,0
"786","mask",2,1,0,0,0
"787","maskd",1,0,0,0,0
"788","maskers",2,0,0,0,0
"789","masks",1,0,0,0,0
"790","master",2,1,0,0,7
"791","masters",3,0,0,0,0
"792","match",1,1,2,0,0
"793","matternurse",1,0,0,0,0
"794","may",6,12,14,10,5
"795","mean",3,0,3,1,2
"796","meaning",1,1,0,0,1
"797","means",1,4,1,0,2
"798","measure",4,1,2,0,0
"799","measuring",1,0,0,0,0
"800","meddle",1,0,0,0,0
"801","meeting",2,0,0,0,0
"802","men",10,1,5,1,3
"803","mend",2,0,0,0,0
"804","mens",2,2,1,1,2
"805","mercutio",14,39,30,0,0
"806","merit",2,0,0,0,0
"807","merry",3,0,0,4,1
"808","midwife",1,0,0,0,0
"809","might",1,1,2,1,0
"810","mind",4,0,1,2,1
"811","mine",8,11,6,2,1
"812","mire",1,0,0,0,0
"813","misadventured",1,0,0,0,0
"814","misery",1,0,0,0,1
"815","misfortune",1,0,0,0,0
"816","misgives",1,0,0,0,0
"817","miss",2,0,0,0,0
"818","misshapen",1,0,1,0,0
"819","mistemperd",1,0,0,0,0
"820","mistress",1,5,2,2,0
"821","mistresses",1,0,0,0,0
"822","montague",22,5,4,0,10
"823","montagues",6,0,0,0,1
"824","moonshines",1,0,0,0,0
"825","more",22,14,17,4,10
"826","morning",2,1,0,3,2
"827","most",6,3,1,5,1
"828","mother",5,4,6,0,0
"829","mothers",2,0,0,0,0
"830","mouse",1,0,2,0,0
"831","move",6,0,1,2,0
"832","moved",4,0,3,0,0
"833","moves",1,0,0,0,0
"834","much",9,10,10,5,3
"835","muffled",1,0,0,0,0
"836","music",1,2,0,6,0
"837","musicians",2,0,0,6,0
"838","must",9,9,9,7,6
"839","mutiny",2,0,0,0,0
"840","myself",3,3,2,1,5
"841","naked",1,0,0,0,0
"842","name",2,15,6,0,1
"843","names",4,1,1,0,0
"844","napkins",1,0,0,0,0
"845","nay",10,7,3,0,0
"846","near",2,0,3,2,0
"847","neck",2,0,0,0,0
"848","need",1,0,3,3,3
"849","neer",3,2,4,1,0
"850","neighbourstained",1,0,0,0,0
"851","neither",1,1,0,0,0
"852","nell",1,0,0,0,0
"853","nephew",1,0,0,0,0
"854","nets",1,0,0,0,0
"855","never",4,4,5,3,2
"856","new",4,3,4,0,1
"857","niece",1,0,0,0,0
"858","nieces",1,0,0,0,0
"859","night",14,22,19,10,3
"860","nights",2,2,1,1,0
"861","nimble",1,0,0,0,0
"862","nine",1,3,1,0,0
"863","nipple",1,0,0,0,0
"864","noble",1,0,5,0,2
"865","noise",1,1,0,1,5
"866","none",2,4,7,1,1
"867","nor",4,6,7,1,2
"868","north",1,0,0,0,0
"869","nose",2,0,0,0,0
"870","noses",1,0,0,0,0
"871","not",51,60,83,35,29
"872","note",2,0,0,2,0
"873","nothing",4,1,5,2,2
"874","nought",1,1,0,0,0
"875","nourishd",1,0,0,0,0
"876","now",22,18,21,17,4
"877","number",2,0,0,0,0
"878","nuptials",1,0,0,0,0
"879","nurse",27,47,40,28,1
"880","nursed",2,0,0,0,0
"881","obscured",1,0,0,0,0
"882","odd",2,0,0,0,0
"883","odds",1,0,0,0,0
"884","oer",8,1,1,1,0
"885","off",3,2,2,2,1
"886","oft",1,1,0,0,2
"887","often",2,0,0,0,0
"888","old",11,9,3,0,4
"889","once",4,0,3,1,2
"890","one",14,15,19,5,6
"891","only",6,1,1,1,0
"892","ope",1,0,0,0,1
"893","oppression",2,0,0,0,1
"894","ormore",1,0,0,0,0
"895","ornaments",1,0,0,1,0
"896","other",4,7,4,0,2
"897","others",2,0,3,0,4
"898","our",23,4,12,13,8
"899","ourselves",1,0,0,0,0
"900","out",13,13,18,7,2
"901","overthrows",1,0,0,0,0
"902","own",7,1,6,2,0
"903","pain",3,0,0,0,0
"904","painted",1,0,0,0,0
"905","painter",1,0,0,0,0
"906","pair",1,0,1,0,0
"907","palm",2,0,0,0,0
"908","palmers",2,0,0,0,0
"909","pantry",1,0,0,0,0
"910","paper",1,0,0,0,1
"911","parents",2,0,0,0,0
"912","paris",8,2,10,23,16
"913","parlous",1,0,0,0,0
"914","parsons",1,0,0,0,0
"915","part",8,5,5,4,1
"916","parted",1,0,0,0,0
"917","partisans",2,0,0,0,0
"918","pass",1,1,1,0,0
"919","passage",1,0,0,0,0
"920","passd",1,0,0,0,0
"921","passing",2,0,0,0,0
"922","past",1,1,1,4,0
"923","pathways",1,0,0,0,0
"924","patience",1,0,1,0,3
"925","patient",2,0,1,0,0
"926","pay",2,0,1,0,1
"927","peace",11,2,3,1,2
"928","peerd",1,0,0,0,0
"929","pen",1,0,0,0,0
"930","penalty",1,0,0,0,0
"931","pencil",1,0,0,0,0
"932","pens",1,0,0,0,0
"933","pentecost",1,0,0,0,0
"934","perforce",1,0,0,0,1
"935","perhaps",1,0,0,0,0
"936","pernicious",1,0,0,0,0
"937","person",1,0,0,0,1
"938","persons",2,0,0,0,0
"939","petrucio",1,0,0,0,0
"940","phrase",1,0,0,0,0
"941","piece",2,0,0,0,0
"942","pilgrim",2,0,0,0,0
"943","pilgrims",2,0,0,0,0
"944","pitch",1,0,0,0,0
"945","piteous",1,0,3,0,1
"946","pity",1,0,1,0,0
"947","place",2,2,2,1,5
"948","placentio",1,0,0,0,0
"949","plagues",1,0,0,0,0
"950","plaintainleaf",1,0,0,0,0
"951","plate",1,0,0,0,0
"952","plats",1,0,0,0,0
"953","play",2,0,1,6,0
"954","plays",1,0,0,1,0
"955","please",2,0,0,1,0
"956","pleasure",2,2,1,0,0
"957","poised",1,0,0,0,0
"958","poison",1,1,3,1,8
"959","poor",3,2,4,3,6
"960","portentous",1,0,0,0,0
"961","porter",1,0,0,0,0
"962","portly",1,0,0,0,0
"963","possess",1,0,0,0,0
"964","posterity",1,0,0,0,0
"965","potpan",2,0,0,0,0
"966","pray",7,5,3,2,0
"967","prayer",2,0,0,0,0
"968","prayers",2,0,1,0,0
"969","precious",2,0,0,0,1
"970","prepare",1,0,2,2,0
"971","prepared",1,0,0,0,0
"972","presence",1,0,0,0,1
"973","preserving",1,0,0,0,0
"974","presses",1,0,1,0,0
"975","prest",1,0,0,0,0
"976","prettiest",1,1,0,0,0
"977","pretty",5,0,0,2,0
"978","prick",1,1,0,0,0
"979","prickd",1,0,0,0,0
"980","pricking",1,0,0,0,0
"981","pricks",1,0,0,0,0
"982","pride",2,0,0,0,0
"983","prince",4,1,14,0,14
"984","princox",1,0,0,0,0
"985","prison",1,0,1,0,0
"986","private",1,0,1,0,0
"987","prodigious",1,0,0,0,0
"988","profane",1,0,0,0,0
"989","profaners",1,0,0,0,0
"990","prolixity",1,0,0,0,0
"991","prologue",2,1,0,0,0
"992","prompter",1,0,0,0,0
"993","proof",2,1,0,0,0
"994","propagate",1,0,0,0,0
"995","prove",1,5,0,0,0
"996","proverbd",1,0,0,0,0
"997","public",1,0,2,0,0
"998","puffs",1,0,0,0,0
"999","purged",2,0,0,0,0
"1000","purple",1,0,0,0,0
"1001","pursued",1,0,0,0,1
"1002","pursuing",1,0,0,0,0
"1003","push",1,0,0,0,0
"1004","put",5,0,3,7,3
"1005","quarrel",5,1,5,0,0
"1006","queen",1,0,0,0,0
"1007","quench",2,0,0,0,0
"1008","question",1,0,0,0,1
"1009","quickly",3,2,0,0,0
"1010","quiet",3,0,1,0,0
"1011","quote",1,0,0,0,0
"1012","quoth",4,1,0,0,0
"1013","rage",2,0,1,1,0
"1014","raised",1,0,0,0,1
"1015","rank",1,0,0,0,0
"1016","rapier",1,0,1,0,0
"1017","rather",1,0,1,2,0
"1018","read",5,1,0,0,0
"1019","reads",1,0,0,0,0
"1020","ready",2,0,1,2,0
"1021","rebellious",1,0,0,0,0
"1022","reckoning",2,0,0,0,0
"1023","rejoice",1,0,0,1,0
"1024","religion",1,0,0,0,0
"1025","remember",2,1,0,0,3
"1026","rememberd",1,0,0,0,0
"1027","remove",3,0,0,0,1
"1028","respect",1,1,0,0,0
"1029","rest",5,4,1,3,2
"1030","revels",1,0,0,0,0
"1031","rhyme",1,1,0,0,0
"1032","rich",4,3,0,0,3
"1033","right",3,2,0,0,0
"1034","ripe",1,0,0,0,0
"1035","romeo",62,104,89,8,31
"1036","romeos",1,1,6,1,7
"1037","rood",1,0,0,0,0
"1038","room",3,0,1,0,0
"1039","rooteth",1,0,0,0,0
"1040","rosaline",2,7,0,0,0
"1041","rough",5,0,0,0,0
"1042","round",1,0,0,0,0
"1043","rude",2,1,2,0,0
"1044","ruled",1,0,1,1,0
"1045","run",2,3,1,3,4
"1046","runnst",1,0,0,0,0
"1047","rushes",1,0,1,0,0
"1048","sad",1,2,0,1,1
"1049","sadly",1,0,0,0,0
"1050","sadness",4,0,0,0,0
"1051","said",7,2,1,2,3
"1052","sail",1,2,0,0,0
"1053","saint",1,3,4,0,1
"1054","saints",3,0,0,0,0
"1055","saintseducing",1,0,0,0,0
"1056","sake",1,0,3,0,0
"1057","same",1,1,3,3,6
"1058","sampson",21,0,0,0,0
"1059","saucy",1,1,0,0,0
"1060","save",1,1,1,0,0
"1061","saw",4,2,2,1,1
"1062","say",13,15,9,12,3
"1063","saying",1,0,0,0,0
"1064","scales",1,0,0,0,0
"1065","scant",1,0,0,0,0
"1066","scarf",1,0,0,0,0
"1067","scaring",1,0,0,0,0
"1068","scathe",1,0,0,0,0
"1069","scene",6,6,5,6,3
"1070","scope",1,0,0,0,0
"1071","scorn",3,0,2,0,0
"1072","scrape",1,0,0,0,0
"1073","sea",2,2,2,0,1
"1074","second",5,1,2,8,2
"1075","secret",1,2,0,0,0
"1076","secretnurse",1,0,0,0,0
"1077","see",10,6,7,5,8
"1078","seek",2,1,0,0,1
"1079","seeks",1,0,0,0,0
"1080","seem",1,0,0,0,0
"1081","seeming",1,0,2,0,0
"1082","seems",1,0,0,0,1
"1083","seen",4,0,0,1,1
"1084","semblance",1,0,0,0,0
"1085","sense",2,0,1,0,0
"1086","senseless",1,0,0,0,0
"1087","sent",1,1,0,0,0
"1088","sentence",1,1,0,0,0
"1089","serious",1,0,0,0,0
"1090","servant",20,0,0,7,0
"1091","servants",1,0,1,0,0
"1092","serve",2,1,2,1,0
"1093","served",1,1,0,0,0
"1094","servingman",1,0,0,0,0
"1095","servingmen",1,0,0,2,0
"1096","set",2,2,3,1,2
"1097","several",1,0,0,0,0
"1098","severity",1,0,0,0,0
"1099","shady",1,0,0,0,0
"1100","shaft",1,0,0,0,0
"1101","shake",1,0,0,0,1
"1102","shakespeare",1,0,0,0,0
"1103","shall",30,15,33,25,7
"1104","shalt",1,0,3,4,3
"1105","shame",2,1,4,4,1
"1106","shape",1,0,4,0,0
"1107","share",2,0,0,0,0
"1108","she",37,34,23,12,8
"1109","shegod",1,0,0,0,0
"1110","shell",1,0,1,0,0
"1111","shes",2,0,0,8,0
"1112","shift",1,0,0,0,0
"1113","shin",1,0,0,0,0
"1114","shining",1,0,0,0,0
"1115","shoemaker",1,0,0,0,0
"1116","shoes",1,0,1,0,0
"1117","short",1,3,0,2,1
"1118","should",13,9,12,8,7
"1119","show",6,0,1,1,3
"1120","shown",2,0,0,0,0
"1121","shows",5,0,2,0,0
"1122","shrift",1,3,0,1,0
"1123","shrine",1,0,0,0,0
"1124","shunnd",1,0,0,0,0
"1125","shut",1,0,1,2,1
"1126","shuts",1,0,0,1,0
"1127","sick",2,2,0,2,1
"1128","side",2,1,0,0,1
"1129","sides",1,0,0,0,0
"1130","siege",1,0,0,0,1
"1131","sighs",2,1,1,0,1
"1132","sight",2,2,1,2,2
"1133","signior",3,1,0,0,0
"1134","sin",5,1,3,2,1
"1135","since",5,1,3,1,1
"1136","sink",2,0,0,0,0
"1137","sir",16,11,13,12,5
"1138","sirrah",3,0,0,2,1
"1139","sirreverence",1,0,0,0,0
"1140","sisters",1,0,0,0,0
"1141","sit",2,2,1,1,0
"1142","sits",1,0,0,0,1
"1143","sitting",1,0,1,0,0
"1144","six",1,0,0,0,0
"1145","slave",2,0,0,0,1
"1146","sleep",1,5,1,2,3
"1147","sleeps",1,0,0,0,1
"1148","sluttish",1,0,0,0,0
"1149","small",1,1,0,1,0
"1150","smallest",1,0,0,0,0
"1151","smelling",1,0,0,0,0
"1152","smoke",2,0,0,0,0
"1153","smooth",1,0,1,0,0
"1154","snowy",1,0,0,0,0
"1155","soar",2,0,0,0,0
"1156","soft",1,1,3,0,0
"1157","soldiers",1,0,1,0,0
"1158","solemnity",2,0,0,1,0
"1159","soles",1,0,0,0,0
"1160","some",7,12,14,7,16
"1161","sometime",3,0,0,0,0
"1162","son",7,4,3,1,1
"1163","soon",2,6,5,0,0
"1164","sooner",1,0,0,0,0
"1165","soonest",1,0,0,0,0
"1166","sore",1,0,0,0,0
"1167","sorrows",1,0,1,0,0
"1168","sought",1,1,0,1,0
"1169","soul",3,3,5,2,1
"1170","souls",1,0,0,0,1
"1171","sounding",1,0,0,1,0
"1172","south",1,0,0,0,0
"1173","spanish",1,0,0,0,0
"1174","sparing",1,0,0,0,0
"1175","sparkling",1,0,0,0,0
"1176","speak",2,10,13,3,0
"1177","speech",1,0,0,0,0
"1178","spiders",2,0,0,0,0
"1179","spite",2,1,0,1,0
"1180","splendor",1,0,0,0,0
"1181","spoke",2,2,1,1,0
"1182","spoken",1,0,0,0,0
"1183","sport",2,0,0,0,0
"1184","spread",1,0,1,0,0
"1185","sprung",1,0,0,0,0
"1186","squirrel",1,0,0,0,0
"1187","stage",1,0,0,0,0
"1188","stakes",1,0,0,0,0
"1189","stand",7,7,6,1,5
"1190","stands",1,0,3,0,0
"1191","starcrossd",1,0,0,0,0
"1192","stars",2,2,1,0,2
"1193","starts",1,0,1,0,0
"1194","starved",1,0,0,0,0
"1195","state",1,0,2,2,0
"1196","stay",4,7,7,3,7
"1197","stays",1,1,0,0,0
"1198","steals",1,0,0,0,0
"1199","steel",1,1,2,0,0
"1200","steerage",1,0,0,0,0
"1201","step",1,0,0,1,0
"1202","stickst",1,0,0,0,0
"1203","still",2,4,5,1,2
"1204","stillwaking",1,0,0,0,0
"1205","stint",1,0,0,0,0
"1206","stinted",2,0,0,0,0
"1207","stir",2,0,0,4,0
"1208","stock",1,0,0,0,0
"1209","stole",1,0,0,0,0
"1210","stone",1,0,0,0,0
"1211","store",2,0,0,0,0
"1212","storm",1,0,1,0,0
"1213","story",1,0,0,0,1
"1214","straight",4,2,0,1,3
"1215","stranger",1,0,0,0,0
"1216","strangers",1,0,0,0,0
"1217","street",2,1,1,0,2
"1218","streets",2,0,2,0,0
"1219","strength",1,1,0,3,1
"1220","strife",1,0,1,0,0
"1221","strike",5,0,0,0,0
"1222","strive",1,0,0,0,0
"1223","strong",1,0,1,1,0
"1224","struck",1,1,0,0,0
"1225","strucken",1,0,0,0,0
"1226","subjects",1,0,0,0,0
"1227","substance",1,1,1,0,0
"1228","such",11,10,17,4,4
"1229","suckd",1,0,0,0,1
"1230","suit",2,1,0,0,0
"1231","summer",1,1,0,0,0
"1232","summers",1,1,0,0,0
"1233","sun",5,5,4,0,1
"1234","supper",3,1,0,0,0
"1235","supposed",1,1,0,0,1
"1236","sups",1,0,0,0,0
"1237","susan",3,0,0,0,0
"1238","swallowd",1,0,0,0,0
"1239","swan",1,0,0,0,0
"1240","swashing",1,0,0,0,0
"1241","swear",1,7,1,0,0
"1242","swears",1,0,0,0,0
"1243","sweet",3,18,7,2,3
"1244","sweetly",1,0,0,0,0
"1245","sweetmeats",1,0,0,0,0
"1246","sword",5,0,3,0,0
"1247","swords",3,1,0,0,1
"1248","sworn",1,1,1,0,0
"1249","swung",1,0,0,0,0
"1250","sycamore",1,0,0,0,0
"1251","tables",1,0,0,0,0
"1252","tail",1,0,0,0,0
"1253","tailor",1,0,1,0,0
"1254","tainted",1,0,0,0,0
"1255","take",12,6,12,4,7
"1256","tale",1,4,0,0,1
"1257","talk",5,1,4,0,2
"1258","talkd",1,0,0,1,0
"1259","talkst",1,0,0,0,0
"1260","tartars",1,0,0,0,0
"1261","taste",1,2,0,0,0
"1262","teach",3,0,0,0,0
"1263","team",1,0,0,0,0
"1264","tears",3,0,9,7,1
"1265","teat",1,0,0,0,0
"1266","teeth",2,0,0,0,0
"1267","tell",11,16,11,4,3
"1268","tender",3,1,3,0,0
"1269","term",1,0,1,0,0
"1270","terms",1,0,0,0,0
"1271","tetchy",1,0,0,0,0
"1272","than",7,16,13,4,7
"1273","thank",2,1,3,0,0
"1274","that",71,89,102,36,46
"1275","thats",1,6,0,1,0
"1276","the",197,146,151,82,105
"1277","thee",17,38,40,14,30
"1278","their",18,13,6,4,6
"1279","them",15,4,12,7,5
"1280","theme",1,0,0,0,0
"1281","then",22,12,19,15,16
"1282","thence",1,0,0,0,1
"1283","there",6,14,20,6,18
"1284","therefore",4,8,6,3,2
"1285","these",7,10,9,5,12
"1286","they",19,15,13,5,5
"1287","theyre",1,0,0,0,0
"1288","thin",1,0,0,0,0
"1289","thine",3,3,4,0,3
"1290","thing",6,5,1,2,3
"1291","things",1,0,1,5,1
"1292","think",8,2,6,1,4
"1293","thirty",2,0,0,0,0
"1294","this",46,35,41,41,53
"1295","thither",1,1,2,0,0
"1296","thorn",1,0,0,0,0
"1297","those",4,3,6,1,2
"1298","thou",37,77,103,29,30
"1299","though",2,4,4,1,0
"1300","thous",1,0,0,0,0
"1301","thousand",1,3,3,0,0
"1302","three",1,2,1,2,1
"1303","thrice",1,0,0,0,0
"1304","throats",1,0,0,0,0
"1305","through",2,3,0,2,1
"1306","throw",1,0,0,0,0
"1307","thrust",2,0,1,0,0
"1308","thrusts",1,0,0,0,0
"1309","thumb",6,0,0,0,0
"1310","thus",3,2,2,0,2
"1311","thy",14,49,53,18,33
"1312","tiberio",1,0,0,0,0
"1313","tickle",1,0,0,0,0
"1314","tickling",1,0,0,0,0
"1315","till",3,8,5,2,4
"1316","time",5,3,9,12,5
"1317","times",1,4,3,0,0
"1318","tis",21,6,8,5,0
"1319","tithepigs",1,0,0,0,0
"1320","today",1,2,0,0,0
"1321","toes",1,0,0,0,0
"1322","toil",1,1,0,0,1
"1323","tonight",1,5,2,2,5
"1324","too",23,15,12,2,5
"1325","took",1,1,0,0,3
"1326","tool",1,0,0,0,0
"1327","torch",2,0,0,0,6
"1328","torchbearers",1,0,0,0,0
"1329","torches",2,0,0,0,0
"1330","tormented",1,0,0,0,0
"1331","torture",1,0,3,0,0
"1332","touch",2,1,0,0,0
"1333","touching",1,0,0,0,0
"1334","towards",2,0,1,1,0
"1335","town",1,1,1,0,1
"1336","traces",1,0,0,0,0
"1337","traffic",1,0,0,0,0
"1338","transgression",1,0,0,0,0
"1339","transparent",1,0,0,0,0
"1340","treads",1,0,0,0,0
"1341","treasure",1,0,0,0,0
"1342","tremble",1,0,0,1,0
"1343","trencher",2,0,0,0,0
"1344","trespass",1,0,0,0,0
"1345","trick",1,0,0,0,0
"1346","trifling",1,0,0,0,0
"1347","trooping",1,0,0,0,0
"1348","troubled",1,0,0,0,0
"1349","trow",1,1,0,0,0
"1350","trudge",2,0,0,0,0
"1351","true",6,8,5,2,7
"1352","truth",1,1,1,1,1
"1353","turn",6,2,2,2,0
"1354","turning",2,0,0,0,0
"1355","tut",4,0,0,0,0
"1356","twas",1,1,0,1,0
"1357","twelve",1,1,0,0,0
"1358","twenty",1,4,3,1,1
"1359","two",9,7,3,2,1
"1360","tybalt",11,3,48,3,2
"1361","tyrannous",1,0,0,0,0
"1362","tyrant",1,0,1,0,0
"1363","unattainted",1,0,0,0,0
"1364","unbound",1,0,0,0,0
"1365","uncle",4,0,0,0,0
"1366","unclean",1,0,0,0,0
"1367","under",2,1,2,0,2
"1368","underneath",1,0,1,0,0
"1369","unharmd",1,0,0,0,0
"1370","unknown",1,0,0,0,0
"1371","unless",1,1,3,1,0
"1372","unlookdfor",1,0,0,0,0
"1373","unplagued",1,0,0,0,0
"1374","unrest",1,0,0,0,0
"1375","untangled",1,0,0,0,0
"1376","untimely",1,0,1,1,2
"1377","unto",2,2,2,1,2
"1378","unwashed",1,0,0,0,0
"1379","unworthiest",1,0,0,0,0
"1380","upon",7,10,11,5,10
"1381","urged",2,0,1,0,0
"1382","use",2,4,6,0,2
"1383","vain",2,1,0,0,0
"1384","valentine",1,0,0,0,0
"1385","valentio",1,0,0,0,0
"1386","valiant",2,0,0,0,0
"1387","vanity",1,1,0,0,0
"1388","veins",1,0,0,2,1
"1389","verona",6,0,3,0,1
"1390","veronas",2,0,0,0,0
"1391","very",3,13,6,3,0
"1392","vessels",1,0,0,0,0
"1393","vexd",1,0,1,0,0
"1394","view",3,0,0,0,0
"1395","vile",1,1,5,0,1
"1396","villain",4,0,12,0,1
"1397","virtuous",2,0,0,0,0
"1398","visage",1,0,0,0,0
"1399","visor",3,0,0,0,0
"1400","vitravio",1,0,0,0,0
"1401","voice",2,1,1,0,1
"1402","volume",2,0,0,0,0
"1403","vow",1,2,0,0,0
"1404","waddled",1,0,0,0,0
"1405","wagoner",1,0,1,0,0
"1406","wagonspokes",1,0,0,0,0
"1407","wait",1,0,0,0,0
"1408","waiting",1,0,0,0,0
"1409","wakes",1,0,0,0,2
"1410","walk",1,0,1,2,0
"1411","walking",1,0,0,0,0
"1412","wall",6,4,0,0,0
"1413","wantons",1,1,0,0,0
"1414","ward",1,0,0,0,0
"1415","ware",1,1,0,0,0
"1416","warrant",2,5,1,3,0
"1417","was",12,9,13,5,10
"1418","wast",1,4,1,0,0
"1419","waste",2,1,0,0,0
"1420","watch",1,1,2,2,7
"1421","watery",1,0,0,0,0
"1422","wax",1,0,1,0,0
"1423","waxes",1,0,0,0,0
"1424","way",1,2,4,0,2
"1425","weak",2,1,0,0,0
"1426","weaker",1,0,0,0,0
"1427","weakest",1,0,0,0,0
"1428","wealth",1,1,0,0,0
"1429","weandi",1,0,0,0,0
"1430","weapon",1,1,0,0,0
"1431","weapons",1,0,1,0,0
"1432","web",1,0,0,0,0
"1433","wedding",1,0,0,1,0
"1434","weep",1,0,5,2,1
"1435","weighd",1,0,0,0,0
"1436","welcome",5,0,2,0,1
"1437","well",18,17,16,11,6
"1438","wellapparelld",1,0,0,0,0
"1439","wellgovernd",1,0,0,0,0
"1440","wellseeming",1,0,0,0,0
"1441","went",1,0,0,0,0
"1442","were",7,18,8,0,4
"1443","wert",1,1,1,0,0
"1444","westward",1,0,0,0,0
"1445","what",38,38,41,26,21
"1446","whats",4,2,1,1,1
"1447","when",13,17,11,8,4
"1448","whence",1,0,1,0,0
"1449","where",9,14,12,9,7
"1450","wherefore",1,2,2,0,0
"1451","wherein",1,0,0,0,0
"1452","wheres",3,0,2,0,1
"1453","whereto",1,0,0,0,0
"1454","which",16,14,15,7,8
"1455","while",5,0,0,0,2
"1456","whip",1,0,1,0,0
"1457","whippd",1,0,0,0,0
"1458","whispering",1,0,0,0,0
"1459","whither",2,0,0,0,0
"1460","who",13,6,11,0,5
"1461","whom",1,2,2,0,1
"1462","whose",7,1,4,1,2
"1463","why",9,7,9,10,2
"1464","widow",1,0,0,0,0
"1465","wield",1,0,0,0,0
"1466","wife",2,1,6,6,4
"1467","wilful",1,0,0,0,0
"1468","will",29,27,34,30,27
"1469","willingly",1,0,0,0,0
"1470","wilt",7,8,13,1,1
"1471","wind",2,0,1,0,0
"1472","window",1,2,2,0,0
"1473","windows",1,0,0,1,0
"1474","winds",1,0,1,0,0
"1475","wine",1,0,0,0,0
"1476","wings",2,2,1,0,0
"1477","winter",1,0,0,0,0
"1478","wisdom",1,0,1,2,0
"1479","wise",2,1,1,1,0
"1480","wisely",1,3,1,0,0
"1481","wish",1,2,3,0,0
"1482","wit",3,2,4,3,0
"1483","with",66,41,62,39,43
"1484","withal",3,0,2,0,0
"1485","withdraw",1,1,1,0,0
"1486","wither",1,0,0,0,0
"1487","within",3,10,3,2,3
"1488","without",6,2,3,1,1
"1489","withoutbook",1,0,0,0,0
"1490","wits",1,3,0,1,0
"1491","woe",1,1,7,2,3
"1492","woman",1,1,1,0,0
"1493","women",3,1,0,0,0
"1494","woo",1,1,2,0,0
"1495","wood",1,1,0,0,0
"1496","wooes",1,0,0,0,0
"1497","word",6,7,14,1,0
"1498","world",2,4,6,0,3
"1499","worldwhy",1,0,0,0,0
"1500","worm",2,0,0,0,0
"1501","wormwood",2,0,0,0,0
"1502","worn",1,2,0,0,1
"1503","worshippd",1,0,0,0,0
"1504","would",6,24,16,3,7
"1505","wretch",1,0,1,0,1
"1506","writ",3,0,0,1,3
"1507","writing",1,0,0,0,0
"1508","written",4,1,0,0,0
"1509","wrong",2,0,0,0,0
"1510","yard",1,0,0,0,0
"1511","yea",2,1,0,0,1
"1512","year",3,0,0,0,0
"1513","years",8,1,1,2,0
"1514","yes",2,0,0,0,0
"1515","yet",6,18,12,4,7
"1516","yond",1,0,0,0,2
"1517","yonder",2,2,1,1,0
"1518","you",86,46,83,60,16
"1519","youll",3,0,0,1,0
"1520","young",8,9,5,1,0
"1521","younger",2,0,0,0,0
"1522","your",23,15,40,17,8
"1523","yours",3,1,0,0,0
"1524","yourself",2,1,1,1,0
"1525","youth",1,1,0,0,4
"1526","abbey",0,1,0,0,0
"1527","aboard",0,1,0,0,0
"1528","abuse",0,1,0,0,0
"1529","accents",0,1,0,0,0
"1530","access",0,1,0,0,0
"1531","ache",0,1,0,0,0
"1532","aches",0,1,0,0,0
"1533","aching",0,1,0,0,0
"1534","action",0,1,0,0,0
"1535","adam",0,1,0,0,0
"1536","added",0,1,0,0,0
"1537","adieu",0,1,2,1,0
"1538","adjacent",0,1,0,0,0
"1539","advance",0,1,0,0,0
"1540","adventure",0,1,0,0,1
"1541","afeard",0,1,0,0,0
"1542","affecting",0,1,0,0,0
"1543","affection",0,1,1,0,0
"1544","afflicted",0,1,0,0,0
"1545","afore",0,1,1,1,0
"1546","alack",0,1,3,5,2
"1547","alliance",0,1,0,0,0
"1548","allow",0,1,0,0,0
"1549","almost",0,1,0,1,1
"1550","aloud",0,1,1,0,0
"1551","although",0,1,0,0,0
"1552","amen",0,2,1,1,0
"1553","angel",0,1,0,0,0
"1554","anger",0,4,0,0,0
"1555","anonbut",0,1,0,0,0
"1556","answer",0,5,3,2,0
"1557","apace",0,1,1,0,0
"1558","ape",0,1,0,0,0
"1559","appear",0,2,0,1,0
"1560","appears",0,1,0,0,0
"1561","appetite",0,1,0,0,0
"1562","argues",0,1,0,0,0
"1563","argument",0,1,0,0,0
"1564","arise",0,1,2,0,0
"1565","arm",0,1,6,0,0
"1566","arrives",0,1,0,0,0
"1567","assistant",0,1,0,0,0
"1568","assure",0,1,0,0,0
"1569","attempt",0,1,0,0,0
"1570","attending",0,1,0,0,0
"1571","aught",0,1,0,0,1
"1572","aweary",0,1,0,0,0
"1573","bad",0,2,0,1,0
"1574","badst",0,1,0,0,0
"1575","bait",0,1,0,0,0
"1576","baleful",0,1,0,0,0
"1577","ball",0,1,0,0,0
"1578","bandy",0,1,0,0,0
"1579","baptized",0,1,0,0,0
"1580","basket",0,1,0,0,0
"1581","bauble",0,1,0,0,0
"1582","bawd",0,3,0,0,0
"1583","bawdy",0,1,0,0,0
"1584","befits",0,1,0,0,0
"1585","beggarmaid",0,1,0,0,0
"1586","beggars",0,1,0,0,1
"1587","begins",0,1,1,0,0
"1588","behavior",0,1,0,0,0
"1589","behind",0,1,0,1,0
"1590","belonging",0,1,0,0,1
"1591","beloved",0,1,0,0,0
"1592","bench",0,1,0,0,0
"1593","benedicite",0,1,0,0,0
"1594","bent",0,1,0,0,0
"1595","bepaint",0,1,0,0,0
"1596","berhyme",0,1,0,0,0
"1597","bescreend",0,1,0,0,0
"1598","beshrew",0,1,2,0,1
"1599","bestride",0,1,0,0,0
"1600","bestrides",0,1,0,0,0
"1601","betwitched",0,1,0,0,0
"1602","bird",0,2,0,0,0
"1603","birds",0,2,0,0,0
"1604","blazon",0,1,0,0,0
"1605","bless",0,1,1,0,0
"1606","body",0,1,5,1,2
"1607","bold",0,1,3,0,0
"1608","bon",0,1,0,0,0
"1609","bondage",0,1,0,0,0
"1610","bones",0,5,0,2,1
"1611","books",0,1,0,0,0
"1612","boundless",0,1,0,0,0
"1613","bounty",0,1,0,0,0
"1614","bowboys",0,1,0,0,0
"1615","breaks",0,1,0,0,0
"1616","breath",0,6,2,1,5
"1617","breathe",0,1,0,0,0
"1618","brightness",0,1,0,0,0
"1619","brine",0,1,0,0,0
"1620","bring",0,1,3,2,5
"1621","broad",0,3,1,0,0
"1622","burying",0,1,0,0,0
"1623","business",0,2,0,1,0
"1624","butcher",0,1,0,0,0
"1625","button",0,1,0,0,0
"1626","buttshaft",0,1,0,0,0
"1627","caetera",0,1,0,0,0
"1628","cage",0,1,0,0,0
"1629","calld",0,1,0,0,0
"1630","camest",0,1,0,1,0
"1631","canker",0,1,0,0,0
"1632","captain",0,1,0,0,0
"1633","catch",0,1,0,0,0
"1634","cats",0,1,1,0,0
"1635","cave",0,1,1,0,0
"1636","cease",0,2,0,0,1
"1637","cell",0,6,3,3,5
"1638","centre",0,1,0,0,0
"1639","challenge",0,1,1,0,0
"1640","changed",0,1,1,0,0
"1641","changes",0,1,0,0,0
"1642","charm",0,1,0,0,0
"1643","chase",0,1,0,0,0
"1644","cheeks",0,2,1,1,2
"1645","cheer",0,1,0,1,0
"1646","cheers",0,1,0,0,0
"1647","chequering",0,1,0,0,0
"1648","cherishing",0,1,0,0,0
"1649","cheveril",0,1,0,0,0
"1650","chide",0,2,2,1,0
"1651","chidst",0,1,0,0,0
"1652","chorus",0,2,0,0,0
"1653","church",0,2,4,3,0
"1654","circle",0,1,0,0,0
"1655","circled",0,1,0,0,0
"1656","circumstance",0,1,0,0,1
"1657","clears",0,1,0,0,0
"1658","cleft",0,1,0,0,0
"1659","cleopatra",0,1,0,0,0
"1660","climb",0,2,0,0,0
"1661","climbs",0,1,0,0,0
"1662","cloak",0,1,0,0,0
"1663","clock",0,1,0,0,0
"1664","clout",0,1,0,0,0
"1665","coil",0,1,0,0,0
"1666","combine",0,1,0,0,0
"1667","combined",0,1,0,0,0
"1668","commend",0,3,2,0,0
"1669","company",0,1,5,0,0
"1670","complain",0,1,0,0,0
"1671","compliment",0,1,0,0,0
"1672","compliments",0,1,0,0,0
"1673","conceit",0,1,0,1,0
"1674","conceive",0,1,0,0,0
"1675","confess",0,1,0,2,0
"1676","confession",0,1,1,1,0
"1677","confessor",0,1,1,0,0
"1678","confidence",0,1,0,0,0
"1679","confounds",0,1,0,0,0
"1680","conjure",0,4,0,0,0
"1681","conjured",0,1,0,0,0
"1682","considering",0,1,0,0,0
"1683","consorted",0,1,0,0,0
"1684","constrains",0,1,0,0,0
"1685","consume",0,1,0,0,0
"1686","contract",0,1,0,0,0
"1687","convoy",0,1,0,0,0
"1688","cophetua",0,1,0,0,0
"1689","cords",0,1,5,0,0
"1690","couch",0,1,0,0,0
"1691","counterfeit",0,2,0,0,0
"1692","countervail",0,1,0,0,0
"1693","courageous",0,1,0,0,0
"1694","courteous",0,2,1,0,0
"1695","courtesy",0,3,0,0,0
"1696","courtsy",0,1,0,0,0
"1697","crave",0,1,0,0,0
"1698","cry",0,2,0,1,1
"1699","cunning",0,1,0,1,0
"1700","dank",0,1,0,0,0
"1701","dared",0,1,0,0,0
"1702","darkness",0,1,0,0,0
"1703","deal",0,2,0,0,0
"1704","dealing",0,1,0,0,0
"1705","deathbed",0,1,0,0,0
"1706","deceived",0,1,0,0,1
"1707","deliciousness",0,1,0,0,0
"1708","delights",0,1,1,0,0
"1709","demesnes",0,1,1,0,0
"1710","den",0,2,1,0,0
"1711","depth",0,1,0,0,0
"1712","desire",0,2,0,0,0
"1713","desirest",0,1,0,0,0
"1714","devil",0,1,2,0,0
"1715","devise",0,1,1,0,1
"1716","dial",0,1,0,0,0
"1717","dido",0,1,0,0,0
"1718","didst",0,2,4,0,0
"1719","dignified",0,1,0,0,0
"1720","dined",0,1,0,0,0
"1721","dinner",0,2,0,1,0
"1722","direction",0,1,0,0,0
"1723","discourses",0,1,1,0,0
"1724","discovered",0,1,0,0,0
"1725","dislike",0,1,0,0,0
"1726","distance",0,1,0,0,0
"1727","distemperature",0,1,0,0,0
"1728","distemperd",0,1,0,0,0
"1729","divers",0,1,0,0,0
"1730","doff",0,1,0,0,0
"1731","dogs",0,1,0,0,0
"1732","doting",0,1,1,0,0
"1733","double",0,1,0,0,0
"1734","doves",0,1,0,0,0
"1735","dowdy",0,1,0,0,0
"1736","dried",0,1,0,0,0
"1737","drift",0,1,0,1,0
"1738","drivelling",0,1,0,0,0
"1739","driving",0,1,0,0,0
"1740","drudge",0,1,0,0,0
"1741","drunk",0,1,1,0,1
"1742","drunkard",0,1,0,0,0
"1743","dry",0,1,2,1,0
"1744","duellist",0,2,0,0,0
"1745","dwell",0,2,1,0,0
"1746","each",0,1,0,1,0
"1747","earliness",0,1,0,0,0
"1748","ease",0,1,0,4,0
"1749","eastern",0,1,0,0,0
"1750","eats",0,1,0,0,0
"1751","echo",0,1,0,0,0
"1752","ell",0,1,0,0,0
"1753","encamp",0,1,0,0,0
"1754","ended",0,1,1,0,0
"1755","ends",0,1,0,0,0
"1756","enmity",0,1,0,0,1
"1757","entreat",0,1,0,1,0
"1758","everlasting",0,1,0,0,1
"1759","excels",0,1,1,0,0
"1760","excess",0,1,0,0,0
"1761","exchange",0,3,0,0,0
"1762","exposition",0,1,0,0,0
"1763","extreme",0,1,0,0,0
"1764","extremities",0,1,0,0,0
"1765","fail",0,1,1,0,0
"1766","fain",0,4,1,0,0
"1767","faint",0,1,1,1,0
"1768","fairest",0,1,0,0,0
"1769","fairly",0,1,1,0,0
"1770","faithful",0,1,0,0,2
"1771","faithfully",0,1,0,0,0
"1772","falconers",0,1,0,0,0
"1773","false",0,1,1,0,0
"1774","fan",0,2,0,0,0
"1775","fans",0,1,0,0,0
"1776","fantasticoes",0,1,0,0,0
"1777","farthest",0,1,0,0,0
"1778","fashionmongers",0,1,0,0,0
"1779","faster",0,1,0,0,0
"1780","fathers",0,4,0,0,0
"1781","fault",0,1,2,0,1
"1782","feasting",0,1,0,0,1
"1783","feign",0,1,0,0,0
"1784","fie",0,1,4,1,0
"1785","fieldbed",0,1,0,0,0
"1786","fights",0,1,1,0,0
"1787","finds",0,1,0,0,1
"1788","fishified",0,1,0,0,0
"1789","flatteringsweet",0,1,0,0,0
"1790","flecked",0,1,0,0,0
"1791","flies",0,1,2,0,0
"1792","flint",0,1,0,0,0
"1793","flirtgills",0,1,0,0,0
"1794","flowed",0,1,0,0,0
"1795","flowered",0,1,0,0,0
"1796","flowers",0,1,0,1,4
"1797","folks",0,1,0,0,0
"1798","fond",0,1,1,1,0
"1799","forehead",0,1,0,0,0
"1800","forgetting",0,1,0,0,0
"1801","forgot",0,2,0,0,0
"1802","form",0,2,2,0,1
"1803","forsaken",0,1,0,0,0
"1804","fortunes",0,1,2,0,0
"1805","forward",0,1,0,0,1
"1806","found",0,3,1,0,2
"1807","foundst",0,1,0,0,0
"1808","francis",0,1,0,0,1
"1809","frank",0,1,0,0,0
"1810","french",0,2,0,0,0
"1811","friar",0,20,22,21,34
"1812","frowning",0,1,0,0,0
"1813","fruit",0,1,0,0,0
"1814","fruittree",0,1,0,0,0
"1815","full",0,2,1,3,4
"1816","gapes",0,1,0,0,0
"1817","gate",0,1,0,0,0
"1818","gave",0,2,0,1,1
"1819","gaze",0,1,2,0,0
"1820","gear",0,1,0,0,1
"1821","gentlemanlike",0,1,0,0,0
"1822","gentlewoman",0,4,0,0,0
"1823","ghostly",0,3,1,0,0
"1824","gipsy",0,1,0,0,0
"1825","glide",0,1,0,0,0
"1826","glorious",0,1,0,0,0
"1827","glove",0,1,0,0,0
"1828","gods",0,1,2,0,0
"1829","goodly",0,1,0,0,0
"1830","goose",0,6,0,0,0
"1831","gossamer",0,1,0,0,0
"1832","gossip",0,1,0,0,0
"1833","got",0,1,1,1,0
"1834","gracious",0,1,0,0,0
"1835","green",0,1,1,1,1
"1836","grey",0,1,1,0,0
"1837","greyeyed",0,1,0,0,0
"1838","groand",0,1,0,0,0
"1839","groaning",0,1,0,0,0
"1840","groans",0,1,1,0,0
"1841","gross",0,1,0,0,0
"1842","gyves",0,1,0,0,0
"1843","hai",0,1,0,0,0
"1844","hair",0,1,3,0,0
"1845","half",0,2,1,0,1
"1846","hams",0,1,0,0,0
"1847","handsome",0,1,0,0,0
"1848","hap",0,1,1,0,0
"1849","happiness",0,1,1,0,0
"1850","hardhearted",0,1,0,0,0
"1851","hare",0,5,0,0,0
"1852","hark",0,1,3,0,0
"1853","harlots",0,1,0,0,0
"1854","haste",0,2,5,7,0
"1855","hateful",0,1,1,2,0
"1856","hatred",0,1,0,0,0
"1857","havior",0,1,0,0,0
"1858","heapd",0,1,0,0,0
"1859","heareth",0,1,0,0,0
"1860","heavens",0,1,0,2,1
"1861","held",0,1,1,0,0
"1862","helen",0,1,0,0,0
"1863","help",0,2,1,13,2
"1864","henceforth",0,1,1,0,0
"1865","henceforward",0,1,0,1,0
"1866","heralds",0,1,0,0,0
"1867","herbs",0,2,0,0,0
"1868","hero",0,1,0,0,0
"1869","herring",0,1,0,0,0
"1870","hid",0,1,2,0,0
"1871","hie",0,4,3,1,0
"1872","high",0,4,2,2,0
"1873","highmost",0,1,0,0,0
"1874","hildings",0,1,0,0,0
"1875","hill",0,1,0,0,0
"1876","hills",0,1,0,0,0
"1877","hist",0,2,0,0,0
"1878","hoar",0,4,0,0,0
"1879","hoars",0,1,0,0,0
"1880","hoarse",0,2,0,0,0
"1881","hole",0,1,0,0,0
"1882","homely",0,1,0,0,0
"1883","honey",0,2,0,0,1
"1884","hooks",0,1,0,0,0
"1885","hop",0,1,0,0,0
"1886","humorous",0,1,0,0,0
"1887","humours",0,1,0,0,0
"1888","hundred",0,1,1,1,0
"1889","husband",0,1,9,0,2
"1890","idles",0,1,0,0,0
"1891","idolatry",0,1,0,0,0
"1892","imagined",0,1,0,0,0
"1893","immortal",0,1,1,0,1
"1894","impute",0,1,0,0,0
"1895","inch",0,1,0,0,0
"1896","incorporate",0,1,0,0,0
"1897","indite",0,1,0,0,0
"1898","infant",0,1,0,0,0
"1899","infinite",0,1,0,0,0
"1900","inquire",0,2,0,0,0
"1901","intercession",0,1,0,0,0
"1902","invocation",0,1,0,0,0
"1903","itself",0,1,1,2,2
"1904","jacks",0,1,0,0,0
"1905","jaunt",0,1,0,0,0
"1906","jaunting",0,1,0,0,0
"1907","jests",0,1,0,0,0
"1908","jesu",0,3,0,0,0
"1909","jour",0,1,0,0,0
"1910","journey",0,1,0,0,0
"1911","jove",0,1,0,0,0
"1912","joy",0,5,8,0,1
"1913","joyful",0,1,3,0,1
"1914","keeps",0,2,0,1,1
"1915","kill",0,2,6,0,2
"1916","kind",0,4,1,1,0
"1917","kindly",0,1,0,0,0
"1918","king",0,1,1,0,0
"1919","kings",0,1,0,0,0
"1920","kitchenwench",0,1,0,0,0
"1921","knave",0,3,0,1,0
"1922","knew",0,2,0,1,0
"1923","knife",0,1,1,2,0
"1924","ladder",0,1,0,0,0
"1925","ladylord",0,1,0,0,0
"1926","lame",0,1,0,0,0
"1927","lamentable",0,1,0,3,1
"1928","lamp",0,1,0,0,0
"1929","lane",0,1,0,0,0
"1930","large",0,1,0,0,0
"1931","laughs",0,1,0,0,0
"1932","laura",0,1,0,0,0
"1933","laurence",0,18,18,18,18
"1934","laurences",0,2,1,1,1
"1935","lazypacing",0,1,0,0,0
"1936","leans",0,1,0,0,0
"1937","leapd",0,1,0,0,0
"1938","leaps",0,1,0,0,0
"1939","leg",0,2,0,0,0
"1940","lent",0,3,1,0,0
"1941","lenten",0,1,0,0,0
"1942","letter",0,3,0,0,9
"1943","letterand",0,1,0,0,0
"1944","letting",0,1,0,0,0
"1945","lief",0,1,0,0,0
"1946","lightens",0,1,0,0,0
"1947","lightning",0,1,1,0,2
"1948","likeness",0,2,0,1,0
"1949","likewise",0,2,0,0,0
"1950","limbs",0,1,0,0,1
"1951","limits",0,1,0,0,0
"1952","lip",0,1,0,0,0
"1953","lisping",0,1,0,0,0
"1954","livery",0,1,1,0,0
"1955","loathsome",0,1,0,1,1
"1956","lodges",0,1,0,0,0
"1957","lolling",0,1,0,0,0
"1958","looks",0,3,0,0,4
"1959","lookst",0,1,1,0,0
"1960","louring",0,1,0,0,0
"1961","lovedevouring",0,1,0,0,0
"1962","lovesong",0,1,0,0,0
"1963","lovingjealous",0,1,0,0,0
"1964","lure",0,1,0,0,0
"1965","lustier",0,1,0,0,0
"1966","maiden",0,1,0,0,0
"1967","mans",0,3,1,0,1
"1968","mar",0,2,0,0,0
"1969","maria",0,1,0,0,0
"1970","matchd",0,1,1,0,0
"1971","matter",0,1,1,2,1
"1972","mayst",0,2,0,0,1
"1973","meanst",0,1,0,0,0
"1974","meant",0,1,1,0,0
"1975","meat",0,1,2,0,0
"1976","medicine",0,1,0,0,0
"1977","medlar",0,1,0,0,0
"1978","medlars",0,1,0,0,0
"1979","meet",0,4,3,1,0
"1980","merchandise",0,1,0,0,0
"1981","merchant",0,1,0,0,0
"1982","merrily",0,1,0,0,0
"1983","messages",0,1,0,0,0
"1984","messenger",0,1,0,0,1
"1985","met",0,2,0,2,0
"1986","mickle",0,1,0,0,0
"1987","minim",0,1,0,0,0
"1988","minute",0,2,1,0,1
"1989","misapplied",0,1,0,0,0
"1990","mistres",0,1,0,0,0
"1991","mocker",0,1,0,0,0
"1992","moderately",0,1,0,0,0
"1993","month",0,1,1,0,0
"1994","monthly",0,1,0,0,0
"1995","moon",0,4,0,0,0
"1996","morn",0,1,2,0,0
"1997","morrow",0,5,0,0,0
"1998","mortals",0,1,0,1,0
"1999","motion",0,1,1,0,0
"2000","moveth",0,1,0,0,0
"2001","murder",0,1,1,2,2
"2002","musics",0,1,0,0,0
"2003","narrow",0,1,0,0,0
"2004","natural",0,2,0,0,0
"2005","nature",0,2,1,1,0
"2006","natures",0,1,0,1,0
"2007","neighbour",0,1,0,0,0
"2008","nest",0,1,0,0,1
"2009","newbeloved",0,1,0,0,0
"2010","news",0,6,5,0,4
"2011","next",0,1,3,3,0
"2012","nickname",0,1,0,0,0
"2013","nimblepiniond",0,1,0,0,0
"2014","nobleman",0,1,0,0,0
"2015","noon",0,1,0,0,0
"2016","numbers",0,1,0,0,0
"2017","nurseo",0,1,0,0,0
"2018","occasion",0,1,2,0,0
"2019","occupy",0,1,0,0,0
"2020","oclock",0,1,0,1,0
"2021","oddly",0,1,0,0,0
"2022","oerperch",0,1,0,0,0
"2023","offer",0,1,1,0,0
"2024","offered",0,1,0,0,0
"2025","older",0,1,0,0,0
"2026","open",0,1,0,0,4
"2027","opposed",0,1,0,0,0
"2028","orb",0,1,0,0,0
"2029","orchard",0,5,2,0,0
"2030","ornament",0,1,1,0,0
"2031","osier",0,1,0,0,0
"2032","ours",0,1,1,0,0
"2033","over",0,1,1,0,0
"2034","overheardst",0,1,0,0,0
"2035","owes",0,1,0,0,0
"2036","pains",0,2,0,0,0
"2037","pale",0,4,4,0,3
"2038","paradise",0,1,1,0,0
"2039","pardon",0,3,4,2,1
"2040","parting",0,1,0,0,0
"2041","passado",0,1,1,0,0
"2042","passion",0,3,0,0,0
"2043","path",0,1,0,0,0
"2044","pear",0,1,0,0,0
"2045","penny",0,1,0,0,0
"2046","perchance",0,1,0,0,0
"2047","perdonamis",0,1,0,0,0
"2048","perfection",0,1,0,0,0
"2049","perform",0,1,0,0,0
"2050","peril",0,1,0,0,0
"2051","perjuries",0,1,0,0,0
"2052","perverse",0,1,0,0,0
"2053","peter",0,12,1,13,0
"2054","petrarch",0,1,0,0,0
"2055","physic",0,1,0,0,0
"2056","pie",0,1,0,0,0
"2057","pieces",0,1,0,0,0
"2058","pilot",0,1,0,0,1
"2059","pin",0,1,0,0,0
"2060","pink",0,2,0,0,0
"2061","plain",0,1,0,0,0
"2062","plainly",0,1,0,0,0
"2063","plant",0,1,0,0,0
"2064","plants",0,1,0,0,0
"2065","playing",0,1,0,0,0
"2066","plucks",0,1,0,0,0
"2067","poperin",0,1,0,0,0
"2068","poultice",0,1,0,0,0
"2069","powder",0,1,1,0,1
"2070","power",0,2,1,0,2
"2071","powerful",0,1,0,0,0
"2072","pox",0,1,0,0,0
"2073","prating",0,1,0,0,0
"2074","preciousjuiced",0,1,0,0,0
"2075","predominant",0,1,0,0,0
"2076","pricksong",0,1,0,0,0
"2077","prisoner",0,1,0,0,0
"2078","procure",0,1,0,0,0
"2079","promised",0,1,0,0,0
"2080","prompt",0,1,0,0,0
"2081","pronounce",0,3,0,0,0
"2082","properer",0,1,0,0,0
"2083","proportion",0,1,0,0,0
"2084","prorogued",0,1,0,0,0
"2085","protest",0,2,1,0,0
"2086","proves",0,1,0,0,0
"2087","pump",0,2,0,0,0
"2088","punto",0,1,0,0,0
"2089","pupil",0,1,0,0,0
"2090","purblind",0,1,0,0,0
"2091","pure",0,1,1,0,1
"2092","purpose",0,3,0,0,0
"2093","putting",0,1,0,0,0
"2094","qualities",0,1,0,0,0
"2095","quit",0,1,0,0,0
"2096","quivering",0,1,0,0,0
"2097","quivers",0,1,0,0,0
"2098","raise",0,2,0,0,2
"2099","ran",0,1,2,0,1
"2100","rancour",0,1,0,0,0
"2101","rash",0,1,0,0,0
"2102","receive",0,1,0,0,0
"2103","reels",0,1,0,0,0
"2104","reenter",0,2,2,1,2
"2105","refuse",0,1,0,0,0
"2106","region",0,1,0,0,0
"2107","reign",0,1,0,0,1
"2108","remain",0,1,0,0,1
"2109","remedies",0,1,0,0,0
"2110","remembering",0,1,0,0,0
"2111","repetition",0,1,0,0,0
"2112","repliest",0,1,0,0,0
"2113","repose",0,1,0,0,0
"2114","request",0,1,0,0,0
"2115","residence",0,1,0,0,0
"2116","rests",0,1,0,0,0
"2117","retain",0,1,0,0,0
"2118","retiring",0,1,0,0,0
"2119","return",0,2,1,1,1
"2120","reverso",0,1,0,0,0
"2121","revolts",0,1,0,0,0
"2122","riddling",0,2,0,0,0
"2123","rind",0,1,0,0,0
"2124","ring",0,1,2,0,2
"2125","ripening",0,1,0,0,0
"2126","rite",0,1,0,0,1
"2127","roe",0,1,0,0,0
"2128","ropery",0,1,0,0,0
"2129","rosalines",0,1,0,0,0
"2130","rose",0,1,0,0,0
"2131","rosemary",0,2,0,1,0
"2132","rote",0,1,0,0,0
"2133","runs",0,1,0,0,0
"2134","sails",0,1,0,0,0
"2135","sallow",0,1,0,0,0
"2136","salt",0,1,1,0,0
"2137","salutation",0,1,0,0,0
"2138","saluteth",0,1,0,0,0
"2139","satisfaction",0,1,0,0,0
"2140","satisfied",0,2,3,0,0
"2141","sauce",0,1,0,0,0
"2142","says",0,6,3,0,1
"2143","sayst",0,1,2,0,0
"2144","scarlet",0,2,0,0,0
"2145","scars",0,1,0,0,0
"2146","school",0,1,0,0,0
"2147","schoolboys",0,1,0,0,0
"2148","score",0,1,0,0,0
"2149","scurvy",0,2,0,0,0
"2150","season",0,1,0,0,0
"2151","self",0,1,0,1,0
"2152","send",0,5,4,2,2
"2153","sending",0,1,0,0,0
"2154","senses",0,1,0,0,0
"2155","sententious",0,1,0,0,0
"2156","shadows",0,1,0,0,1
"2157","shamest",0,1,1,0,0
"2158","sharp",0,1,0,0,1
"2159","ship",0,1,0,0,0
"2160","shirt",0,1,0,0,0
"2161","shore",0,1,0,0,0
"2162","shot",0,2,1,0,0
"2163","shrived",0,1,0,0,0
"2164","sideo",0,1,0,0,0
"2165","sigh",0,1,0,0,0
"2166","silk",0,2,0,0,0
"2167","silver",0,1,0,8,0
"2168","silversweet",0,1,0,0,0
"2169","simple",0,1,2,0,0
"2170","sing",0,2,0,0,0
"2171","singing",0,1,0,0,0
"2172","single",0,1,0,0,0
"2173","singleness",0,1,0,0,0
"2174","singlesoled",0,1,0,0,0
"2175","sings",0,1,2,0,0
"2176","singular",0,2,0,0,0
"2177","skainsmates",0,1,0,0,0
"2178","skill",0,1,0,0,0
"2179","slays",0,1,0,0,0
"2180","slip",0,1,0,0,0
"2181","slop",0,1,0,0,0
"2182","slow",0,3,0,1,0
"2183","smell",0,1,0,0,0
"2184","smelt",0,1,0,0,0
"2185","smile",0,1,0,1,0
"2186","smiles",0,1,0,1,0
"2187","smock",0,1,0,0,0
"2188","sociable",0,1,0,0,0
"2189","softest",0,1,0,0,0
"2190","sole",0,2,1,0,0
"2191","solely",0,1,0,0,0
"2192","something",0,1,1,0,2
"2193","sometimes",0,2,0,0,0
"2194","sorrow",0,3,3,1,1
"2195","sorry",0,1,0,0,0
"2196","sound",0,2,2,9,0
"2197","sour",0,1,2,0,1
"2198","speaks",0,3,3,0,0
"2199","special",0,1,0,0,0
"2200","spell",0,1,0,0,0
"2201","spent",0,2,1,0,0
"2202","spheres",0,1,0,0,0
"2203","spirit",0,1,2,0,1
"2204","spurs",0,2,0,0,0
"2205","stabbed",0,1,0,0,0
"2206","stain",0,1,0,0,0
"2207","stair",0,1,0,0,0
"2208","stale",0,1,0,0,0
"2209","steads",0,1,0,0,0
"2210","steal",0,1,1,0,0
"2211","stirreth",0,1,0,0,0
"2212","stoln",0,1,0,0,1
"2213","stones",0,1,0,0,1
"2214","stony",0,1,0,0,1
"2215","stop",0,3,0,1,1
"2216","strain",0,1,0,0,0
"2217","straind",0,1,0,0,0
"2218","strange",0,4,1,0,1
"2219","streaks",0,1,1,0,0
"2220","stream",0,1,0,0,0
"2221","stretch",0,1,0,0,0
"2222","stretches",0,1,0,0,0
"2223","stumble",0,1,0,0,0
"2224","stumblest",0,1,0,0,0
"2225","stumbling",0,1,0,0,0
"2226","substantial",0,1,0,0,0
"2227","sucking",0,1,0,0,0
"2228","sudden",0,3,3,1,0
"2229","suffer",0,1,0,0,0
"2230","sum",0,2,0,0,0
"2231","suns",0,1,0,0,0
"2232","sure",0,2,0,2,0
"2233","swearst",0,1,0,0,0
"2234","sweeten",0,1,0,0,0
"2235","sweeter",0,1,0,0,0
"2236","sweetest",0,2,0,1,0
"2237","sweeting",0,1,0,0,0
"2238","swift",0,2,0,0,1
"2239","switch",0,2,0,0,0
"2240","tackled",0,1,0,0,0
"2241","talked",0,1,0,0,0
"2242","tall",0,1,0,0,0
"2243","tardy",0,1,0,0,0
"2244","tasselgentle",0,1,0,0,0
"2245","tasted",0,1,0,0,0
"2246","tear",0,3,1,0,1
"2247","tempering",0,1,0,0,0
"2248","ten",0,1,1,0,0
"2249","thanks",0,1,2,0,0
"2250","theno",0,1,0,0,0
"2251","theres",0,2,1,1,1
"2252","theyll",0,1,0,0,0
"2253","thigh",0,1,0,0,0
"2254","thingo",0,1,0,0,0
"2255","thinkst",0,1,1,0,0
"2256","third",0,1,0,1,1
"2257","thisbe",0,1,0,0,0
"2258","thoughts",0,1,0,0,2
"2259","thread",0,1,0,0,0
"2260","thrive",0,1,0,0,0
"2261","throughout",0,1,0,0,0
"2262","thrown",0,1,0,0,0
"2263","thyself",0,2,3,1,1
"2264","tips",0,1,0,0,0
"2265","titans",0,1,0,0,0
"2266","title",0,1,0,0,0
"2267","toad",0,2,1,0,0
"2268","told",0,1,0,1,1
"2269","tomb",0,1,1,1,8
"2270","tomorrow",0,3,3,9,0
"2271","tongue",0,3,6,1,0
"2272","tongues",0,2,0,0,0
"2273","topgallant",0,1,0,0,0
"2274","tops",0,1,1,0,0
"2275","torments",0,1,0,0,0
"2276","toward",0,2,0,0,1
"2277","tree",0,1,0,0,0
"2278","trees",0,1,0,0,0
"2279","trim",0,1,0,1,0
"2280","triumph",0,1,1,0,0
"2281","troth",0,1,0,1,0
"2282","trucklebed",0,1,0,0,0
"2283","truly",0,3,0,0,0
"2284","trust",0,1,3,0,1
"2285","trusty",0,1,0,0,0
"2286","tuners",0,1,0,0,0
"2287","turns",0,1,2,0,0
"2288","twinkle",0,1,0,0,0
"2289","twisted",0,1,0,0,0
"2290","twould",0,1,0,0,0
"2291","unadvised",0,1,0,0,0
"2292","unbruised",0,1,0,0,0
"2293","unfold",0,1,0,0,0
"2294","unsatisfied",0,1,0,0,0
"2295","unstuffd",0,1,0,0,0
"2296","unwieldy",0,1,0,0,0
"2297","upfill",0,1,0,0,0
"2298","uproused",0,1,0,0,0
"2299","utterance",0,1,0,0,0
"2300","variable",0,1,0,0,0
"2301","vast",0,1,0,0,0
"2302","venus",0,1,0,1,0
"2303","versal",0,1,0,0,0
"2304","vestal",0,1,1,0,0
"2305","vexed",0,1,0,0,0
"2306","vice",0,2,0,0,0
"2307","violent",0,2,0,0,0
"2308","virtue",0,1,0,0,0
"2309","virtues",0,1,0,0,0
"2310","virtuouswhere",0,1,0,0,0
"2311","vows",0,1,0,0,0
"2312","walls",0,2,1,0,0
"2313","want",0,1,1,0,0
"2314","wanting",0,1,0,0,1
"2315","wanton",0,2,0,0,0
"2316","warm",0,1,0,0,3
"2317","washd",0,3,0,0,0
"2318","water",0,1,0,0,1
"2319","waverer",0,1,0,0,0
"2320","ways",0,1,0,1,0
"2321","wear",0,2,2,0,0
"2322","wearing",0,1,1,0,0
"2323","weeds",0,1,0,0,1
"2324","wench",0,2,1,0,0
"2325","wenchs",0,1,0,0,0
"2326","wheels",0,1,0,0,0
"2327","white",0,1,1,0,0
"2328","whiteupturned",0,1,0,0,0
"2329","whole",0,2,0,1,0
"2330","whore",0,1,0,0,0
"2331","wide",0,1,2,0,0
"2332","wildgoose",0,2,0,0,0
"2333","windswift",0,1,0,0,0
"2334","winged",0,1,0,0,0
"2335","woes",0,2,3,0,3
"2336","womb",0,2,0,0,2
"2337","won",0,1,0,0,0
"2338","wondering",0,1,0,0,0
"2339","words",0,5,2,0,1
"2340","work",0,1,1,1,1
"2341","worse",0,2,0,0,1
"2342","worser",0,1,1,0,0
"2343","worst",0,1,0,0,0
"2344","worth",0,1,0,0,0
"2345","wouldst",0,2,2,0,0
"2346","wound",0,1,1,1,0
"2347","wounded",0,2,0,0,0
"2348","write",0,1,0,0,1
"2349","yielding",0,1,0,0,0
"2350","youngest",0,1,0,0,0
"2351","youthful",0,1,1,1,0
"2352","abed",0,0,1,0,0
"2353","abhors",0,0,1,0,0
"2354","ableeding",0,0,1,0,0
"2355","aboundst",0,0,1,0,0
"2356","absolved",0,0,1,0,0
"2357","abuses",0,0,1,0,0
"2358","acknowledge",0,0,1,0,0
"2359","acquaint",0,0,1,0,0
"2360","acquaintance",0,0,1,0,0
"2361","acted",0,0,1,0,0
"2362","acts",0,0,1,0,0
"2363","addle",0,0,1,0,0
"2364","adoa",0,0,1,0,0
"2365","adversitys",0,0,1,0,0
"2366","advise",0,0,1,0,0
"2367","affliction",0,0,1,0,0
"2368","afford",0,0,2,1,0
"2369","affray",0,0,1,0,0
"2370","afire",0,0,1,0,0
"2371","agile",0,0,1,0,0
"2372","agrees",0,0,1,0,0
"2373","alive",0,0,2,0,0
"2374","alla",0,0,1,0,0
"2375","ally",0,0,1,0,0
"2376","amazed",0,0,2,0,0
"2377","amerce",0,0,1,0,0
"2378","amorous",0,0,1,0,1
"2379","anatomy",0,0,1,0,0
"2380","angelical",0,0,1,0,0
"2381","appertaining",0,0,1,0,0
"2382","apt",0,0,3,0,0
"2383","aqua",0,0,1,1,0
"2384","arithmetic",0,0,1,0,0
"2385","armour",0,0,1,0,0
"2386","arms",0,0,1,0,1
"2387","array",0,0,1,1,0
"2388","ascend",0,0,1,0,0
"2389","ashamed",0,0,1,0,0
"2390","ashes",0,0,1,1,0
"2391","aspired",0,0,1,0,0
"2392","asunder",0,0,1,0,0
"2393","attended",0,0,1,0,0
"2394","axe",0,0,1,0,0
"2395","baggage",0,0,2,0,0
"2396","bandying",0,0,1,0,0
"2397","banishd",0,0,3,0,2
"2398","banished",0,0,15,0,0
"2399","banishment",0,0,7,0,0
"2400","bankrupt",0,0,1,0,0
"2401","bare",0,0,1,0,2
"2402","bark",0,0,2,0,1
"2403","bating",0,0,1,0,0
"2404","beard",0,0,1,0,0
"2405","beast",0,0,3,0,0
"2406","beaten",0,0,1,0,0
"2407","beautiful",0,0,1,0,0
"2408","becomes",0,0,1,0,0
"2409","bedaubd",0,0,1,0,0
"2410","bedeck",0,0,1,0,0
"2411","beg",0,0,3,1,0
"2412","beginners",0,0,1,0,0
"2413","beguiled",0,0,1,1,0
"2414","behalf",0,0,1,0,0
"2415","belong",0,0,1,0,0
"2416","below",0,0,1,0,0
"2417","bethink",0,0,2,0,0
"2418","bier",0,0,1,1,0
"2419","blackbrowd",0,0,1,0,0
"2420","blame",0,0,1,0,0
"2421","blaze",0,0,1,0,0
"2422","blessing",0,0,1,0,0
"2423","blessings",0,0,1,0,0
"2424","blest",0,0,2,0,0
"2425","blisterd",0,0,1,0,0
"2426","blubbering",0,0,2,0,0
"2427","bodys",0,0,2,0,0
"2428","bore",0,0,1,0,1
"2429","born",0,0,2,1,0
"2430","bottom",0,0,2,0,0
"2431","bought",0,0,1,0,0
"2432","bowd",0,0,1,0,0
"2433","bower",0,0,1,0,0
"2434","bowl",0,0,1,0,0
"2435","braggart",0,0,1,0,0
"2436","brave",0,0,2,0,0
"2437","brawl",0,0,2,0,0
"2438","bread",0,0,1,0,0
"2439","bridal",0,0,1,1,1
"2440","bridegroom",0,0,1,2,1
"2441","brings",0,0,1,0,1
"2442","brothers",0,0,2,0,0
"2443","budge",0,0,1,0,0
"2444","buy",0,0,1,0,2
"2445","calamity",0,0,1,0,0
"2446","calling",0,0,1,0,0
"2447","calm",0,0,3,0,0
"2448","cancelld",0,0,1,0,0
"2449","candles",0,0,1,0,0
"2450","capuletwhich",0,0,1,0,0
"2451","careful",0,0,1,0,0
"2452","carelessly",0,0,1,0,0
"2453","carries",0,0,1,0,0
"2454","carrion",0,0,1,0,0
"2455","carrionflies",0,0,1,0,0
"2456","cat",0,0,2,0,0
"2457","chances",0,0,1,0,0
"2458","charge",0,0,1,0,2
"2459","cherish",0,0,1,0,0
"2460","childhood",0,0,1,0,0
"2461","childs",0,0,1,0,0
"2462","choplogic",0,0,1,0,0
"2463","churchdoor",0,0,1,0,0
"2464","claps",0,0,1,0,0
"2465","cloudy",0,0,1,0,0
"2466","cockatrice",0,0,1,0,0
"2467","coldly",0,0,1,0,0
"2468","comforted",0,0,1,0,0
"2469","coming",0,0,2,0,2
"2470","conceald",0,0,1,0,0
"2471","concludes",0,0,1,0,0
"2472","conduct",0,0,2,0,1
"2473","conduit",0,0,1,0,0
"2474","confines",0,0,1,0,0
"2475","consort",0,0,3,0,0
"2476","consortst",0,0,1,0,0
"2477","containing",0,0,1,0,0
"2478","convey",0,0,1,0,0
"2479","corse",0,0,3,3,1
"2480","coughing",0,0,1,0,0
"2481","couldst",0,0,2,0,0
"2482","counterfeitst",0,0,1,0,0
"2483","couple",0,0,1,0,0
"2484","courage",0,0,1,0,0
"2485","courts",0,0,1,0,0
"2486","courtship",0,0,1,0,0
"2487","cousins",0,0,2,1,0
"2488","cracking",0,0,1,0,0
"2489","cries",0,0,3,0,0
"2490","crownd",0,0,1,0,0
"2491","curse",0,0,1,0,0
"2492","curtain",0,0,1,0,0
"2493","cuttst",0,0,1,0,0
"2494","cynthias",0,0,1,0,0
"2495","damnation",0,0,1,0,0
"2496","damned",0,0,4,0,0
"2497","deadly",0,0,3,0,0
"2498","deaf",0,0,2,0,0
"2499","dearer",0,0,1,0,0
"2500","dearloved",0,0,1,0,0
"2501","dearly",0,0,2,0,0
"2502","deathdarting",0,0,1,0,0
"2503","deaths",0,0,1,1,1
"2504","deceit",0,0,1,0,0
"2505","decree",0,0,1,0,0
"2506","decreed",0,0,1,0,0
"2507","deeds",0,0,1,0,0
"2508","defence",0,0,1,0,0
"2509","deliverd",0,0,1,0,0
"2510","denote",0,0,1,0,0
"2511","depend",0,0,1,0,0
"2512","descend",0,0,1,0,1
"2513","determine",0,0,2,0,0
"2514","dexterity",0,0,1,0,0
"2515","digressing",0,0,1,0,0
"2516","dim",0,0,1,0,1
"2517","discords",0,0,2,0,1
"2518","discover",0,0,1,0,0
"2519","disguised",0,0,1,0,0
"2520","dishclout",0,0,1,0,0
"2521","dishonourable",0,0,1,0,0
"2522","dismal",0,0,1,1,0
"2523","dismemberd",0,0,1,0,0
"2524","disobedient",0,0,1,1,0
"2525","displant",0,0,1,0,0
"2526","displeased",0,0,1,0,0
"2527","displeasure",0,0,1,0,0
"2528","dispraise",0,0,1,0,0
"2529","dispute",0,0,1,0,0
"2530","dissemblers",0,0,1,0,0
"2531","divideth",0,0,1,0,0
"2532","divine",0,0,1,0,0
"2533","divinest",0,0,1,0,0
"2534","division",0,0,1,0,0
"2535","doing",0,0,1,0,1
"2536","doom",0,0,6,0,0
"2537","doomsday",0,0,1,0,1
"2538","doublet",0,0,1,0,0
"2539","doubt",0,0,2,1,1
"2540","dovefeatherd",0,0,1,0,0
"2541","downright",0,0,1,0,0
"2542","dozen",0,0,1,0,0
"2543","drag",0,0,1,0,0
"2544","dragon",0,0,1,0,0
"2545","dram",0,0,1,0,1
"2546","drawer",0,0,1,0,0
"2547","drawing",0,0,2,0,0
"2548","draws",0,0,2,0,0
"2549","dreadful",0,0,1,0,0
"2550","drinks",0,0,1,0,1
"2551","drizzle",0,0,1,0,0
"2552","drops",0,0,1,0,0
"2553","drybeat",0,0,1,1,0
"2554","eagle",0,0,1,0,0
"2555","earl",0,0,1,0,0
"2556","easter",0,0,1,0,0
"2557","ebb",0,0,1,0,0
"2558","effeminate",0,0,1,0,0
"2559","egg",0,0,2,0,0
"2560","eight",0,0,1,0,0
"2561","eloquence",0,0,1,0,0
"2562","enamourd",0,0,1,0,0
"2563","enjoyd",0,0,1,0,0
"2564","enoughtwill",0,0,1,0,0
"2565","enters",0,0,1,0,1
"2566","entertaind",0,0,1,0,0
"2567","errand",0,0,1,0,0
"2568","estate",0,0,1,0,0
"2569","evermore",0,0,2,0,0
"2570","excuses",0,0,1,0,0
"2571","exhales",0,0,1,0,0
"2572","exile",0,0,5,0,1
"2573","exiled",0,0,1,0,0
"2574","expectst",0,0,1,0,0
"2575","expressly",0,0,1,0,0
"2576","fails",0,0,1,0,0
"2577","falln",0,0,1,0,0
"2578","falls",0,0,3,1,2
"2579","familiar",0,0,1,0,0
"2580","fate",0,0,1,0,0
"2581","feeling",0,0,2,0,0
"2582","feesimple",0,0,2,0,0
"2583","fell",0,0,1,0,0
"2584","fellowship",0,0,1,0,0
"2585","festival",0,0,1,1,0
"2586","fettle",0,0,1,0,0
"2587","fickle",0,0,3,0,0
"2588","fiddlestick",0,0,1,0,0
"2589","field",0,0,1,1,0
"2590","fiend",0,0,3,0,0
"2591","fieryfooted",0,0,1,0,0
"2592","fireeyed",0,0,1,0,0
"2593","flask",0,0,1,0,0
"2594","flood",0,0,1,0,0
"2595","flow",0,0,1,0,0
"2596","flowering",0,0,1,0,0
"2597","followd",0,0,1,0,0
"2598","follower",0,0,1,0,0
"2599","followers",0,0,1,0,0
"2600","following",0,0,1,0,0
"2601","forbear",0,0,1,0,1
"2602","forbidden",0,0,1,0,0
"2603","free",0,0,1,1,0
"2604","friend",0,0,10,0,3
"2605","fun",0,0,1,0,0
"2606","furious",0,0,1,0,0
"2607","fury",0,0,2,0,1
"2608","gainst",0,0,1,0,0
"2609","gallant",0,0,2,0,0
"2610","gallop",0,0,1,0,0
"2611","garish",0,0,1,0,0
"2612","gavest",0,0,1,0,0
"2613","general",0,0,1,0,1
"2614","gentler",0,0,1,0,0
"2615","godo",0,0,1,0,0
"2616","goeth",0,0,1,0,0
"2617","goreblood",0,0,1,0,0
"2618","gorgeous",0,0,1,0,0
"2619","gossips",0,0,2,0,0
"2620","gravity",0,0,1,0,0
"2621","graze",0,0,1,0,0
"2622","greensickness",0,0,1,0,0
"2623","greetings",0,0,1,0,0
"2624","grievances",0,0,1,0,0
"2625","grieve",0,0,1,0,0
"2626","grows",0,0,2,0,0
"2627","guilty",0,0,1,0,1
"2628","gun",0,0,1,0,0
"2629","hang",0,0,3,1,1
"2630","hanged",0,0,1,0,0
"2631","happily",0,0,1,1,0
"2632","harsh",0,0,1,0,0
"2633","hasten",0,0,1,0,0
"2634","hates",0,0,1,0,0
"2635","haunt",0,0,1,0,0
"2636","hazel",0,0,1,0,0
"2637","heartsick",0,0,1,0,0
"2638","heavenly",0,0,1,0,0
"2639","heaviness",0,0,2,0,0
"2640","heed",0,0,2,0,0
"2641","hencebanished",0,0,1,0,0
"2642","herald",0,0,1,0,0
"2643","hereafter",0,0,1,0,1
"2644","highway",0,0,1,0,0
"2645","hilding",0,0,1,0,0
"2646","himdead",0,0,1,0,0
"2647","hollow",0,0,2,0,1
"2648","honesty",0,0,1,0,0
"2649","hood",0,0,1,2,0
"2650","hope",0,0,2,2,0
"2651","howlings",0,0,1,0,0
"2652","humbly",0,0,1,0,0
"2653","hunting",0,0,1,0,0
"2654","huntsup",0,0,1,0,0
"2655","hurdle",0,0,1,0,0
"2656","ignorance",0,0,1,0,0
"2657","illdivining",0,0,1,0,0
"2658","immediately",0,0,2,0,0
"2659","impatient",0,0,1,0,0
"2660","infold",0,0,1,0,0
"2661","injured",0,0,1,0,0
"2662","injuries",0,0,1,0,0
"2663","interest",0,0,1,0,0
"2664","italy",0,0,1,0,0
"2665","itch",0,0,1,0,0
"2666","iwell",0,0,1,0,0
"2667","jack",0,0,1,1,0
"2668","jocund",0,0,1,0,0
"2669","joints",0,0,1,2,0
"2670","juliets",0,0,2,2,2
"2671","just",0,0,2,0,0
"2672","justice",0,0,1,0,0
"2673","justly",0,0,1,0,0
"2674","killd",0,0,5,1,1
"2675","killing",0,0,1,0,0
"2676","knocking",0,0,4,0,0
"2677","knocks",0,0,2,0,0
"2678","lace",0,0,1,0,0
"2679","ladyship",0,0,1,0,0
"2680","lain",0,0,1,1,1
"2681","lamentation",0,0,1,0,0
"2682","lamentations",0,0,1,0,0
"2683","lark",0,0,6,0,0
"2684","lately",0,0,1,0,0
"2685","leap",0,0,1,1,0
"2686","learning",0,0,1,0,0
"2687","leaving",0,0,1,0,0
"2688","lenity",0,0,1,0,0
"2689","level",0,0,1,0,0
"2690","limit",0,0,1,0,0
"2691","living",0,0,2,2,1
"2692","lodge",0,0,1,0,0
"2693","lodging",0,0,1,0,1
"2694","lookd",0,0,1,0,0
"2695","lose",0,0,2,0,0
"2696","loss",0,0,4,0,0
"2697","loveperforming",0,0,1,0,0
"2698","madmen",0,0,1,0,0
"2699","maidenhoods",0,0,1,0,0
"2700","maidenwidowed",0,0,1,0,0
"2701","mammet",0,0,1,0,0
"2702","mangle",0,0,1,0,0
"2703","mangled",0,0,1,1,0
"2704","manly",0,0,1,0,0
"2705","mansion",0,0,2,0,0
"2706","mantle",0,0,1,0,0
"2707","markhere",0,0,1,0,0
"2708","martial",0,0,1,0,0
"2709","marvellous",0,0,1,0,0
"2710","matron",0,0,1,0,0
"2711","mebanished",0,0,1,0,0
"2712","memory",0,0,1,0,0
"2713","merciful",0,0,1,0,1
"2714","mercutios",0,0,4,0,1
"2715","mercy",0,0,3,1,1
"2716","meteor",0,0,1,0,0
"2717","methinks",0,0,1,2,0
"2718","mewd",0,0,1,0,0
"2719","mightst",0,0,2,0,0
"2720","miles",0,0,1,0,0
"2721","milk",0,0,1,0,0
"2722","minds",0,0,1,0,0
"2723","minion",0,0,1,0,0
"2724","minstrels",0,0,2,0,0
"2725","misbehaved",0,0,1,0,0
"2726","miserable",0,0,1,1,0
"2727","mistaking",0,0,1,0,0
"2728","mistermd",0,0,1,0,0
"2729","mistlike",0,0,1,0,0
"2730","misty",0,0,1,0,0
"2731","mixd",0,0,1,0,0
"2732","modern",0,0,1,0,0
"2733","modesty",0,0,2,1,0
"2734","monarch",0,0,1,0,0
"2735","monday",0,0,2,0,0
"2736","monument",0,0,1,0,5
"2737","mood",0,0,1,0,0
"2738","moody",0,0,2,0,0
"2739","moral",0,0,1,0,0
"2740","mornings",0,0,1,1,1
"2741","mortal",0,0,1,0,1
"2742","mountain",0,0,1,0,0
"2743","mumbling",0,0,1,0,0
"2744","murderd",0,0,2,0,1
"2745","murdered",0,0,1,0,0
"2746","murderer",0,0,3,0,0
"2747","murders",0,0,2,0,1
"2748","named",0,0,1,0,0
"2749","native",0,0,1,1,0
"2750","naught",0,0,1,0,0
"2751","needly",0,0,1,0,0
"2752","needs",0,0,1,3,0
"2753","needst",0,0,1,0,0
"2754","needy",0,0,1,0,2
"2755","newly",0,0,1,0,1
"2756","nice",0,0,1,0,1
"2757","nightingale",0,0,3,0,0
"2758","nightly",0,0,1,1,2
"2759","nobly",0,0,1,0,0
"2760","notes",0,0,1,0,0
"2761","nuts",0,0,1,0,0
"2762","obey",0,0,1,0,1
"2763","offence",0,0,1,0,0
"2764","omit",0,0,1,0,0
"2765","ones",0,0,1,0,0
"2766","ont",0,0,1,1,0
"2767","operation",0,0,1,0,0
"2768","opportunity",0,0,1,0,0
"2769","opposite",0,0,1,0,0
"2770","order",0,0,1,0,1
"2771","outrage",0,0,1,0,1
"2772","overset",0,0,1,0,0
"2773","owe",0,0,1,0,0
"2774","ownbe",0,0,1,0,0
"2775","pack",0,0,1,0,0
"2776","page",0,0,3,0,8
"2777","palace",0,0,1,0,1
"2778","pardoning",0,0,1,0,0
"2779","parentage",0,0,1,0,0
"2780","parts",0,0,2,0,0
"2781","peppered",0,0,1,0,0
"2782","perjured",0,0,1,0,0
"2783","perjury",0,0,1,0,0
"2784","peters",0,0,3,0,0
"2785","phaethon",0,0,1,0,0
"2786","philosophy",0,0,3,0,0
"2787","phoebus",0,0,1,0,0
"2788","pierced",0,0,1,0,0
"2789","piercing",0,0,1,0,0
"2790","pitcher",0,0,1,0,0
"2791","plague",0,0,3,0,0
"2792","playd",0,0,1,0,0
"2793","pleading",0,0,1,0,0
"2794","pluck",0,0,1,1,0
"2795","point",0,0,2,2,1
"2796","points",0,0,1,0,0
"2797","pomegranatetree",0,0,1,0,0
"2798","possessd",0,0,1,0,1
"2799","poutst",0,0,1,0,0
"2800","practise",0,0,1,0,0
"2801","praised",0,0,1,0,0
"2802","predicament",0,0,1,0,0
"2803","press",0,0,1,0,1
"2804","prevails",0,0,1,0,0
"2805","prevented",0,0,1,0,0
"2806","price",0,0,1,1,0
"2807","princes",0,0,6,0,0
"2808","proceeding",0,0,1,0,0
"2809","procures",0,0,1,0,0
"2810","professd",0,0,1,0,0
"2811","promise",0,0,1,0,0
"2812","proportiond",0,0,1,0,0
"2813","proud",0,0,6,0,0
"2814","prouds",0,0,1,0,0
"2815","provided",0,0,1,0,0
"2816","prudence",0,0,1,0,0
"2817","puling",0,0,1,0,0
"2818","purchase",0,0,1,0,0
"2819","purgatory",0,0,1,0,0
"2820","quarrelled",0,0,1,0,0
"2821","quarrelling",0,0,2,0,0
"2822","quarrels",0,0,1,0,0
"2823","quarter",0,0,1,0,0
"2824","quick",0,0,1,0,1
"2825","raging",0,0,1,0,0
"2826","railst",0,0,1,0,0
"2827","rains",0,0,1,0,0
"2828","rankd",0,0,1,0,0
"2829","rat",0,0,1,0,0
"2830","ratcatcher",0,0,1,0,0
"2831","rate",0,0,1,0,1
"2832","raven",0,0,1,0,0
"2833","ravens",0,0,1,0,0
"2834","reach",0,0,1,0,0
"2835","rearward",0,0,1,0,0
"2836","reason",0,0,4,1,0
"2837","receipt",0,0,1,0,0
"2838","reconcile",0,0,1,0,0
"2839","reflex",0,0,1,0,0
"2840","remedy",0,0,1,2,0
"2841","removed",0,0,1,0,0
"2842","renownd",0,0,1,0,0
"2843","repent",0,0,1,1,0
"2844","reply",0,0,1,0,0
"2845","reputation",0,0,1,0,0
"2846","resign",0,0,1,0,0
"2847","respective",0,0,1,0,0
"2848","respects",0,0,1,0,0
"2849","retire",0,0,1,0,0
"2850","retorts",0,0,1,0,0
"2851","revel",0,0,1,0,0
"2852","revenge",0,0,1,0,0
"2853","reverse",0,0,1,0,0
"2854","revived",0,0,1,0,1
"2855","riband",0,0,1,0,0
"2856","rise",0,0,1,0,0
"2857","rites",0,0,1,0,0
"2858","roard",0,0,1,0,0
"2859","robes",0,0,1,1,0
"2860","rogue",0,0,1,0,0
"2861","romeobanished",0,0,1,0,0
"2862","ropes",0,0,1,0,0
"2863","rouse",0,0,1,2,0
"2864","runagate",0,0,1,0,0
"2865","runaways",0,0,1,0,0
"2866","rushd",0,0,1,0,0
"2867","sack",0,0,1,0,0
"2868","sailing",0,0,1,0,0
"2869","scape",0,0,1,1,0
"2870","scarce",0,0,1,0,0
"2871","scratch",0,0,3,0,0
"2872","search",0,0,1,0,3
"2873","seemst",0,0,1,0,0
"2874","sees",0,0,1,0,0
"2875","seest",0,0,1,0,1
"2876","seize",0,0,1,0,0
"2877","sends",0,0,1,0,0
"2878","serpent",0,0,1,0,0
"2879","sets",0,0,1,0,0
"2880","severing",0,0,1,0,0
"2881","sharpground",0,0,1,0,0
"2882","sharps",0,0,1,0,0
"2883","shed",0,0,2,0,0
"2884","shortly",0,0,1,0,0
"2885","showering",0,0,1,0,0
"2886","signify",0,0,1,0,0
"2887","simpleness",0,0,1,0,0
"2888","sinabsolver",0,0,1,0,0
"2889","sinners",0,0,1,0,0
"2890","skitless",0,0,1,0,0
"2891","slain",0,0,13,1,3
"2892","slandertybalt",0,0,1,0,0
"2893","slaughterd",0,0,3,0,2
"2894","slay",0,0,2,2,0
"2895","slew",0,0,4,0,1
"2896","slewst",0,0,1,0,0
"2897","smatter",0,0,1,0,0
"2898","smilest",0,0,1,0,0
"2899","snow",0,0,1,0,0
"2900","sobersuited",0,0,1,0,0
"2901","softend",0,0,1,0,0
"2902","sojourn",0,0,1,0,0
"2903","sold",0,0,1,0,1
"2904","sorted",0,0,1,0,0
"2905","soundly",0,0,1,1,0
"2906","sounds",0,0,1,0,0
"2907","spakest",0,0,1,0,0
"2908","speakest",0,0,1,0,0
"2909","sped",0,0,1,0,0
"2910","spilt",0,0,1,0,0
"2911","spleen",0,0,1,0,0
"2912","spring",0,0,1,0,1
"2913","spy",0,0,1,1,0
"2914","stabs",0,0,1,0,1
"2915","staind",0,0,2,0,0
"2916","stainless",0,0,1,0,0
"2917","starve",0,0,1,0,0
"2918","stayd",0,0,1,0,2
"2919","staying",0,0,1,0,0
"2920","stealth",0,0,1,0,0
"2921","steeds",0,0,1,0,0
"2922","stirring",0,0,1,0,0
"2923","stoccata",0,0,1,0,0
"2924","stout",0,0,2,0,0
"2925","straining",0,0,1,0,0
"2926","stratagems",0,0,1,0,0
"2927","stroke",0,0,1,0,0
"2928","study",0,0,1,0,0
"2929","stuffd",0,0,1,0,1
"2930","subject",0,0,1,0,0
"2931","submission",0,0,1,0,0
"2932","sullen",0,0,1,1,0
"2933","sunset",0,0,1,0,0
"2934","surgeon",0,0,1,0,0
"2935","swifter",0,0,1,0,0
"2936","swounded",0,0,1,0,0
"2937","sympathy",0,0,1,0,0
"2938","table",0,0,1,0,0
"2939","taen",0,0,1,1,0
"2940","taken",0,0,2,0,0
"2941","taking",0,0,2,0,0
"2942","tallowface",0,0,1,0,0
"2943","tavern",0,0,1,0,0
"2944","tedious",0,0,1,0,1
"2945","temper",0,0,2,0,0
"2946","temperd",0,0,1,0,0
"2947","tempesttossed",0,0,1,0,0
"2948","terror",0,0,1,1,0
"2949","thankful",0,0,2,0,0
"2950","thankings",0,0,1,0,0
"2951","theirs",0,0,1,0,0
"2952","thereof",0,0,1,0,0
"2953","thinking",0,0,1,0,0
"2954","thisthou",0,0,1,0,0
"2955","thought",0,0,6,1,1
"2956","threatend",0,0,1,0,0
"2957","threehours",0,0,1,0,0
"2958","throne",0,0,1,0,1
"2959","throws",0,0,1,0,0
"2960","thursday",0,0,9,5,0
"2961","tide",0,0,1,0,0
"2962","tidings",0,0,2,0,1
"2963","tilts",0,0,1,0,0
"2964","tiptoe",0,0,1,0,0
"2965","torchbearer",0,0,1,0,0
"2966","torment",0,0,1,0,0
"2967","tot",0,0,2,0,0
"2968","traind",0,0,1,0,0
"2969","traitor",0,0,1,0,0
"2970","treason",0,0,1,0,0
"2971","tributary",0,0,1,0,0
"2972","truce",0,0,1,0,0
"2973","trumpet",0,0,1,0,0
"2974","tune",0,0,1,0,0
"2975","turnd",0,0,1,0,0
"2976","tutor",0,0,1,0,0
"2977","twain",0,0,1,0,1
"2978","twere",0,0,1,0,0
"2979","twixt",0,0,1,1,0
"2980","tybalts",0,0,9,1,1
"2981","tying",0,0,1,0,0
"2982","unaccustomd",0,0,2,0,1
"2983","undone",0,0,2,0,0
"2984","universal",0,0,1,0,0
"2985","unluckily",0,0,1,0,0
"2986","unlucky",0,0,1,0,1
"2987","unmade",0,0,1,0,0
"2988","unmannd",0,0,1,0,0
"2989","unpleasing",0,0,1,0,0
"2990","unreasonable",0,0,1,0,0
"2991","unruly",0,0,1,0,0
"2992","unseemly",0,0,1,0,0
"2993","unseen",0,0,1,0,0
"2994","untalkd",0,0,1,0,0
"2995","unthankfulness",0,0,1,0,0
"2996","unworthy",0,0,2,0,0
"2997","usest",0,0,1,0,0
"2998","usurer",0,0,1,0,0
"2999","utter",0,0,1,0,0
"3000","uttered",0,0,1,0,0
"3001","validity",0,0,1,0,0
"3002","valour",0,0,1,1,0
"3003","valours",0,0,1,0,0
"3004","vanishd",0,0,1,0,0
"3005","vaulty",0,0,1,0,0
"3006","venge",0,0,1,0,0
"3007","vengeance",0,0,1,0,1
"3008","vitae",0,0,1,1,0
"3009","voices",0,0,1,0,0
"3010","vowd",0,0,1,0,0
"3011","vowel",0,0,1,0,0
"3012","wailing",0,0,1,0,0
"3013","wakened",0,0,1,0,0
"3014","wary",0,0,1,0,0
"3015","wash",0,0,2,0,0
"3016","weal",0,0,1,0,0
"3017","wed",0,0,3,0,0
"3018","wedded",0,0,1,1,0
"3019","weddingbed",0,0,1,0,0
"3020","weddingday",0,0,1,1,0
"3021","wednesday",0,0,2,1,0
"3022","week",0,0,1,1,0
"3023","weeping",0,0,4,0,0
"3024","weeps",0,0,2,1,1
"3025","weepst",0,0,1,0,0
"3026","welladay",0,0,1,1,0
"3027","wentst",0,0,1,0,0
"3028","west",0,0,1,0,0
"3029","whining",0,0,1,0,0
"3030","whiter",0,0,1,0,0
"3031","whos",0,0,1,0,1
"3032","wicked",0,0,1,0,0
"3033","wild",0,0,1,0,2
"3034","wills",0,0,1,0,0
"3035","wink",0,0,1,0,0
"3036","winning",0,0,1,0,0
"3037","wives",0,0,1,0,0
"3038","woful",0,0,1,7,0
"3039","wolvishravening",0,0,1,0,0
"3040","womanish",0,0,1,1,0
"3041","wonder",0,0,2,0,0
"3042","worlds",0,0,1,0,1
"3043","worms",0,0,1,0,1
"3044","worship",0,0,2,0,0
"3045","worthy",0,0,1,0,0
"3046","wot",0,0,1,0,0
"3047","wounds",0,0,1,0,0
"3048","wreak",0,0,1,0,0
"3049","wretched",0,0,2,1,0
"3050","wring",0,0,1,0,0
"3051","wrought",0,0,1,0,1
"3052","yon",0,0,3,0,0
"3053","zounds",0,0,2,0,0
"3054","abate",0,0,0,1,0
"3055","abused",0,0,0,1,0
"3056","accursed",0,0,0,1,0
"3057","acting",0,0,0,1,0
"3058","advanced",0,0,0,2,1
"3059","amended",0,0,0,1,0
"3060","ancestors",0,0,0,1,0
"3061","angelica",0,0,0,1,0
"3062","arbitrating",0,0,0,1,0
"3063","ast",0,0,0,1,0
"3064","attires",0,0,0,1,0
"3065","awake",0,0,0,2,0
"3066","baked",0,0,0,1,0
"3067","baskets",0,0,0,1,0
"3068","battlements",0,0,0,1,0
"3069","becomed",0,0,0,1,0
"3070","beguild",0,0,0,1,0
"3071","behests",0,0,0,1,0
"3072","behoveful",0,0,0,1,0
"3073","bells",0,0,0,1,0
"3074","bids",0,0,0,1,0
"3075","borne",0,0,0,1,0
"3076","borrowd",0,0,0,1,1
"3077","bounds",0,0,0,1,0
"3078","breathes",0,0,0,1,0
"3079","burial",0,0,0,1,0
"3080","buried",0,0,0,3,1
"3081","busy",0,0,0,1,0
"3082","catchd",0,0,0,1,0
"3083","catling",0,0,0,1,0
"3084","certain",0,0,0,1,0
"3085","chain",0,0,0,1,0
"3086","chapless",0,0,0,1,0
"3087","charnelhouse",0,0,0,1,0
"3088","chat",0,0,0,1,0
"3089","city",0,0,0,1,2
"3090","closet",0,0,0,1,0
"3091","clothes",0,0,0,1,0
"3092","club",0,0,0,1,0
"3093","cock",0,0,0,1,0
"3094","commission",0,0,0,1,0
"3095","compass",0,0,0,1,0
"3096","confusions",0,0,0,2,0
"3097","continue",0,0,0,1,0
"3098","cook",0,0,0,2,0
"3099","cooks",0,0,0,1,0
"3100","copest",0,0,0,1,0
"3101","cost",0,0,0,1,0
"3102","cotquean",0,0,0,1,0
"3103","country",0,0,0,1,0
"3104","counts",0,0,0,1,0
"3105","cross",0,0,0,1,1
"3106","crossing",0,0,0,1,0
"3107","crotchets",0,0,0,1,0
"3108","crowd",0,0,0,1,0
"3109","culld",0,0,0,1,0
"3110","curfewbell",0,0,0,1,0
"3111","custom",0,0,0,1,0
"3112","dagger",0,0,0,4,3
"3113","dangerous",0,0,0,1,0
"3114","darest",0,0,0,1,0
"3115","dash",0,0,0,1,0
"3116","dates",0,0,0,1,0
"3117","deceased",0,0,0,1,0
"3118","deck",0,0,0,1,0
"3119","deed",0,0,0,1,0
"3120","deflowered",0,0,0,1,0
"3121","deprived",0,0,0,1,0
"3122","detestable",0,0,0,1,1
"3123","dirges",0,0,0,1,0
"3124","dishonourd",0,0,0,1,0
"3125","distilled",0,0,0,1,0
"3126","distraught",0,0,0,1,0
"3127","distressed",0,0,0,1,0
"3128","divorced",0,0,0,1,0
"3129","doleful",0,0,0,1,0
"3130","dressd",0,0,0,1,0
"3131","drier",0,0,0,1,0
"3132","drink",0,0,0,2,1
"3133","drowsy",0,0,0,1,0
"3134","dump",0,0,0,2,0
"3135","dumps",0,0,0,1,0
"3136","enjoind",0,0,0,1,0
"3137","environed",0,0,0,1,0
"3138","eternal",0,0,0,1,0
"3139","evening",0,0,0,1,0
"3140","execution",0,0,0,1,0
"3141","extremes",0,0,0,1,0
"3142","fade",0,0,0,1,0
"3143","fears",0,0,0,1,0
"3144","festering",0,0,0,1,0
"3145","fit",0,0,0,1,1
"3146","forefathers",0,0,0,1,0
"3147","forgive",0,0,0,1,1
"3148","forsooth",0,0,0,1,0
"3149","forty",0,0,0,1,1
"3150","freezes",0,0,0,1,0
"3151","fright",0,0,0,1,0
"3152","frost",0,0,0,1,0
"3153","funeral",0,0,0,1,0
"3154","furnish",0,0,0,1,0
"3155","gadding",0,0,0,1,0
"3156","ghost",0,0,0,1,0
"3157","gleek",0,0,0,1,0
"3158","goodfellows",0,0,0,1,0
"3159","government",0,0,0,1,0
"3160","griping",0,0,0,1,0
"3161","harlotry",0,0,0,1,0
"3162","hastes",0,0,0,1,0
"3163","hated",0,0,0,1,0
"3164","headstrong",0,0,0,1,0
"3165","healthsome",0,0,0,1,0
"3166","hearing",0,0,0,1,1
"3167","hearst",0,0,0,1,2
"3168","heat",0,0,0,1,0
"3169","hideous",0,0,0,1,0
"3170","hire",0,0,0,1,2
"3171","horrible",0,0,0,1,0
"3172","housewife",0,0,0,1,0
"3173","hugh",0,0,0,1,0
"3174","hymns",0,0,0,1,0
"3175","immoderately",0,0,0,1,0
"3176","instruments",0,0,0,1,1
"3177","inundation",0,0,0,1,0
"3178","invite",0,0,0,1,0
"3179","iron",0,0,0,2,2
"3180","issue",0,0,0,1,0
"3181","james",0,0,0,1,0
"3182","jealous",0,0,0,2,1
"3183","joind",0,0,0,1,0
"3184","joys",0,0,0,1,1
"3185","keys",0,0,0,1,0
"3186","kindred",0,0,0,1,0
"3187","kinsmans",0,0,0,1,0
"3188","knit",0,0,0,1,0
"3189","knot",0,0,0,1,0
"3190","knows",0,0,0,1,2
"3191","label",0,0,0,1,0
"3192","labour",0,0,0,1,0
"3193","lament",0,0,0,1,0
"3194","lasting",0,0,0,1,0
"3195","laying",0,0,0,1,1
"3196","leisure",0,0,0,2,0
"3197","lend",0,0,0,1,0
"3198","lesser",0,0,0,1,0
"3199","lick",0,0,0,3,0
"3200","likely",0,0,0,1,0
"3201","liquor",0,0,0,1,0
"3202","livest",0,0,0,1,0
"3203","loggerhead",0,0,0,1,0
"3204","logs",0,0,0,3,0
"3205","longexperienced",0,0,0,1,0
"3206","lour",0,0,0,1,0
"3207","lurk",0,0,0,1,0
"3208","madly",0,0,0,1,0
"3209","mandrakes",0,0,0,1,0
"3210","manner",0,0,0,1,0
"3211","martyrd",0,0,0,1,0
"3212","mass",0,0,0,2,0
"3213","meats",0,0,0,1,0
"3214","melancholy",0,0,0,1,0
"3215","merriment",0,0,0,1,0
"3216","minded",0,0,0,1,0
"3217","ministerd",0,0,0,1,0
"3218","minstrel",0,0,0,1,0
"3219","mixture",0,0,0,1,0
"3220","money",0,0,0,1,0
"3221","mourners",0,0,0,1,0
"3222","mousehunt",0,0,0,1,0
"3223","mouth",0,0,0,1,1
"3224","musician",0,0,0,14,0
"3225","necessaries",0,0,0,1,0
"3226","needful",0,0,0,1,0
"3227","newmade",0,0,0,1,1
"3228","oercoverd",0,0,0,1,0
"3229","office",0,0,0,1,1
"3230","opposition",0,0,0,1,0
"3231","oppress",0,0,0,1,0
"3232","ordained",0,0,0,1,0
"3233","orisons",0,0,0,1,0
"3234","overthrown",0,0,0,1,0
"3235","packed",0,0,0,1,0
"3236","paly",0,0,0,1,0
"3237","pastry",0,0,0,1,0
"3238","pate",0,0,0,1,0
"3239","peevish",0,0,0,1,0
"3240","pennyworths",0,0,0,1,0
"3241","pensive",0,0,0,1,0
"3242","pestilent",0,0,0,1,0
"3243","pilgrimage",0,0,0,1,0
"3244","pipes",0,0,0,1,0
"3245","pitiful",0,0,0,1,1
"3246","pleasant",0,0,0,1,0
"3247","present",0,0,0,2,1
"3248","presently",0,0,0,2,1
"3249","prevent",0,0,0,2,0
"3250","progress",0,0,0,1,0
"3251","promotion",0,0,0,1,0
"3252","prorogue",0,0,0,1,0
"3253","prosperous",0,0,0,1,1
"3254","prostrate",0,0,0,1,0
"3255","provision",0,0,0,1,0
"3256","pulse",0,0,0,1,0
"3257","quinces",0,0,0,1,0
"3258","quite",0,0,0,2,0
"3259","rapiers",0,0,0,1,0
"3260","rattling",0,0,0,1,0
"3261","reasons",0,0,0,1,0
"3262","rebeck",0,0,0,1,0
"3263","receptacle",0,0,0,1,0
"3264","reclaimd",0,0,0,1,0
"3265","redeem",0,0,0,1,0
"3266","redress",0,0,0,1,0
"3267","reeky",0,0,0,1,0
"3268","report",0,0,0,1,0
"3269","resolution",0,0,0,1,0
"3270","resolve",0,0,0,1,0
"3271","resort",0,0,0,1,0
"3272","reverend",0,0,0,1,0
"3273","revive",0,0,0,1,0
"3274","revolt",0,0,0,1,0
"3275","roaring",0,0,0,1,1
"3276","roses",0,0,0,1,1
"3277","rung",0,0,0,1,0
"3278","seald",0,0,0,1,1
"3279","seeing",0,0,0,2,0
"3280","seeking",0,0,0,1,0
"3281","selfwilld",0,0,0,1,0
"3282","separated",0,0,0,1,0
"3283","serpents",0,0,0,1,0
"3284","serves",0,0,0,1,0
"3285","servingcreature",0,0,0,1,0
"3286","servingcreatures",0,0,0,1,0
"3287","settled",0,0,0,1,0
"3288","shanks",0,0,0,1,0
"3289","shield",0,0,0,1,0
"3290","shrieks",0,0,0,1,0
"3291","shroud",0,0,0,3,0
"3292","shrunk",0,0,0,1,0
"3293","simon",0,0,0,1,0
"3294","singer",0,0,0,1,0
"3295","skulls",0,0,0,1,1
"3296","slack",0,0,0,1,0
"3297","slander",0,0,0,1,0
"3298","slanderd",0,0,0,1,0
"3299","slowd",0,0,0,1,0
"3300","slugabed",0,0,0,1,0
"3301","smells",0,0,0,1,0
"3302","society",0,0,0,1,0
"3303","solace",0,0,0,1,0
"3304","solemn",0,0,0,1,0
"3305","soninlaw",0,0,0,1,0
"3306","sort",0,0,0,1,0
"3307","soundpost",0,0,0,1,0
"3308","spake",0,0,0,2,0
"3309","spare",0,0,0,1,0
"3310","speakst",0,0,0,1,0
"3311","speed",0,0,0,1,2
"3312","speedy",0,0,0,1,0
"3313","spices",0,0,0,1,0
"3314","spirits",0,0,0,1,0
"3315","spit",0,0,0,1,0
"3316","spited",0,0,0,1,0
"3317","spits",0,0,0,1,0
"3318","stark",0,0,0,1,0
"3319","stick",0,0,0,1,0
"3320","stiff",0,0,0,2,0
"3321","stifled",0,0,0,1,0
"3322","strains",0,0,0,1,0
"3323","strangled",0,0,0,1,0
"3324","subtly",0,0,0,1,0
"3325","supple",0,0,0,1,0
"3326","surcease",0,0,0,1,0
"3327","sway",0,0,0,1,0
"3328","sweetheart",0,0,0,1,0
"3329","tarry",0,0,0,1,0
"3330","testify",0,0,0,1,0
"3331","text",0,0,0,1,0
"3332","thievish",0,0,0,1,0
"3333","thrills",0,0,0,1,0
"3334","ties",0,0,0,1,0
"3335","together",0,0,0,1,0
"3336","torn",0,0,0,1,0
"3337","tower",0,0,0,1,0
"3338","toy",0,0,0,1,0
"3339","treacherous",0,0,0,1,0
"3340","tried",0,0,0,1,0
"3341","trouble",0,0,0,1,1
"3342","try",0,0,0,2,0
"3343","tush",0,0,0,1,1
"3344","umpire",0,0,0,1,0
"3345","uncomfortable",0,0,0,1,0
"3346","uncoverd",0,0,0,1,0
"3347","undertake",0,0,0,1,0
"3348","undraws",0,0,0,1,0
"3349","uneven",0,0,0,1,0
"3350","unfurnished",0,0,0,1,0
"3351","unhappy",0,0,0,1,1
"3352","unstaind",0,0,0,1,0
"3353","vault",0,0,0,3,6
"3354","vial",0,0,0,2,0
"3355","victory",0,0,0,1,0
"3356","wail",0,0,0,1,0
"3357","wake",0,0,0,4,1
"3358","waken",0,0,0,1,0
"3359","waking",0,0,0,2,1
"3360","warmth",0,0,0,1,0
"3361","watchd",0,0,0,1,0
"3362","watching",0,0,0,2,0
"3363","wayward",0,0,0,1,0
"3364","whit",0,0,0,1,0
"3365","whoreson",0,0,0,1,0
"3366","wondrous",0,0,0,1,0
"3367","wronged",0,0,0,1,0
"3368","wrongst",0,0,0,1,0
"3369","yellow",0,0,0,1,0
"3370","abhorred",0,0,0,0,1
"3371","accident",0,0,0,0,1
"3372","accidents",0,0,0,0,1
"3373","advances",0,0,0,0,1
"3374","affords",0,0,0,0,1
"3375","affright",0,0,0,0,1
"3376","afraid",0,0,0,0,1
"3377","alligator",0,0,0,0,1
"3378","aloof",0,0,0,0,3
"3379","ambiguities",0,0,0,0,1
"3380","angels",0,0,0,0,1
"3381","apothecary",0,0,0,0,8
"3382","apprehend",0,0,0,0,3
"3383","associate",0,0,0,0,1
"3384","attach",0,0,0,0,1
"3385","awaking",0,0,0,0,1
"3386","barefoot",0,0,0,0,1
"3387","bargain",0,0,0,0,1
"3388","beggarly",0,0,0,0,1
"3389","beggary",0,0,0,0,1
"3390","bell",0,0,0,0,1
"3391","betossed",0,0,0,0,1
"3392","betrothd",0,0,0,0,1
"3393","bladders",0,0,0,0,1
"3394","bleeding",0,0,0,0,1
"3395","bleeds",0,0,0,0,1
"3396","bodies",0,0,0,0,1
"3397","booted",0,0,0,0,1
"3398","bosoms",0,0,0,0,1
"3399","boxes",0,0,0,0,1
"3400","brace",0,0,0,0,1
"3401","bringing",0,0,0,0,1
"3402","brotherhood",0,0,0,0,1
"3403","brought",0,0,0,0,1
"3404","burneth",0,0,0,0,1
"3405","caitiff",0,0,0,0,1
"3406","cakes",0,0,0,0,1
"3407","cannons",0,0,0,0,1
"3408","canopy",0,0,0,0,1
"3409","capels",0,0,0,0,2
"3410","chambermaids",0,0,0,0,1
"3411","cheerful",0,0,0,0,1
"3412","chiefly",0,0,0,0,1
"3413","churchyard",0,0,0,0,8
"3414","churl",0,0,0,0,1
"3415","clear",0,0,0,0,1
"3416","closely",0,0,0,0,1
"3417","comfortable",0,0,0,0,1
"3418","compounds",0,0,0,0,1
"3419","condemned",0,0,0,0,2
"3420","conjurations",0,0,0,0,1
"3421","conquerd",0,0,0,0,1
"3422","consents",0,0,0,0,1
"3423","conspires",0,0,0,0,1
"3424","contagion",0,0,0,0,1
"3425","contempt",0,0,0,0,1
"3426","contradict",0,0,0,0,1
"3427","conveniently",0,0,0,0,1
"3428","cordial",0,0,0,0,1
"3429","countys",0,0,0,0,1
"3430","cram",0,0,0,0,1
"3431","creature",0,0,0,0,1
"3432","crimson",0,0,0,0,1
"3433","culling",0,0,0,0,1
"3434","danger",0,0,0,0,1
"3435","dashing",0,0,0,0,1
"3436","dateless",0,0,0,0,1
"3437","dearest",0,0,0,0,1
"3438","defy",0,0,0,0,2
"3439","deliver",0,0,0,0,1
"3440","demand",0,0,0,0,1
"3441","departed",0,0,0,0,1
"3442","descent",0,0,0,0,1
"3443","descry",0,0,0,0,1
"3444","despite",0,0,0,0,1
"3445","died",0,0,0,0,1
"3446","digging",0,0,0,0,1
"3447","dire",0,0,0,0,1
"3448","direful",0,0,0,0,1
"3449","discern",0,0,0,0,1
"3450","discharged",0,0,0,0,1
"3451","discolourd",0,0,0,0,1
"3452","dispatch",0,0,0,0,1
"3453","disperse",0,0,0,0,1
"3454","dispose",0,0,0,0,1
"3455","distilld",0,0,0,0,1
"3456","doors",0,0,0,0,2
"3457","dreamt",0,0,0,0,2
"3458","drop",0,0,0,0,1
"3459","drugs",0,0,0,0,2
"3460","ducats",0,0,0,0,1
"3461","dust",0,0,0,0,1
"3462","dwellswhich",0,0,0,0,1
"3463","earthen",0,0,0,0,1
"3464","embrace",0,0,0,0,1
"3465","emperor",0,0,0,0,1
"3466","employment",0,0,0,0,1
"3467","enforce",0,0,0,0,1
"3468","engrossing",0,0,0,0,1
"3469","ensign",0,0,0,0,1
"3470","entreated",0,0,0,0,1
"3471","excused",0,0,0,0,1
"3472","eyeless",0,0,0,0,1
"3473","famine",0,0,0,0,1
"3474","fares",0,0,0,0,1
"3475","fearfully",0,0,0,0,1
"3476","fearst",0,0,0,0,1
"3477","feet",0,0,0,0,1
"3478","felon",0,0,0,0,1
"3479","fierce",0,0,0,0,1
"3480","figure",0,0,0,0,1
"3481","finding",0,0,0,0,1
"3482","fired",0,0,0,0,1
"3483","fishes",0,0,0,0,1
"3484","flag",0,0,0,0,1
"3485","flattering",0,0,0,0,1
"3486","force",0,0,0,0,1
"3487","forerun",0,0,0,0,1
"3488","franciscan",0,0,0,0,1
"3489","friars",0,0,0,0,1
"3490","friendly",0,0,0,0,1
"3491","friendship",0,0,0,0,1
"3492","glooming",0,0,0,0,1
"3493","gorged",0,0,0,0,1
"3494","gory",0,0,0,0,1
"3495","graves",0,0,0,0,2
"3496","greater",0,0,0,0,1
"3497","greatest",0,0,0,0,1
"3498","grubs",0,0,0,0,1
"3499","guide",0,0,0,0,1
"3500","haply",0,0,0,0,1
"3501","hasty",0,0,0,0,1
"3502","haughty",0,0,0,0,1
"3503","hereabout",0,0,0,0,1
"3504","hereabouts",0,0,0,0,1
"3505","holding",0,0,0,0,1
"3506","holiday",0,0,0,0,1
"3507","hung",0,0,0,0,1
"3508","hungry",0,0,0,0,1
"3509","hurry",0,0,0,0,1
"3510","illshaped",0,0,0,0,1
"3511","impeach",0,0,0,0,1
"3512","import",0,0,0,0,2
"3513","inauspicious",0,0,0,0,1
"3514","inexorable",0,0,0,0,1
"3515","infectious",0,0,0,0,1
"3516","ink",0,0,0,0,1
"3517","intend",0,0,0,0,1
"3518","intended",0,0,0,0,1
"3519","intents",0,0,0,0,4
"3520","interrd",0,0,0,0,1
"3521","interrupt",0,0,0,0,1
"3522","ithere",0,0,0,0,1
"3523","jaws",0,0,0,0,1
"3524","joint",0,0,0,0,2
"3525","jointure",0,0,0,0,1
"3526","keepers",0,0,0,0,1
"3527","kindreds",0,0,0,0,2
"3528","lantern",0,0,0,0,2
"3529","lean",0,0,0,0,1
"3530","least",0,0,0,0,1
"3531","liege",0,0,0,0,1
"3532","liest",0,0,0,0,1
"3533","lifeweary",0,0,0,0,1
"3534","lifts",0,0,0,0,1
"3535","lightly",0,0,0,0,1
"3536","liquid",0,0,0,0,1
"3537","loose",0,0,0,0,1
"3538","loud",0,0,0,0,1
"3539","low",0,0,0,0,1
"3540","madmans",0,0,0,0,1
"3541","mantuas",0,0,0,0,1
"3542","marriageday",0,0,0,0,1
"3543","masterless",0,0,0,0,1
"3544","mattock",0,0,0,0,3
"3545","maw",0,0,0,0,1
"3546","meagre",0,0,0,0,1
"3547","meantime",0,0,0,0,2
"3548","menace",0,0,0,0,1
"3549","misadventure",0,0,0,0,2
"3550","miscarried",0,0,0,0,1
"3551","mischance",0,0,0,0,1
"3552","mischief",0,0,0,0,1
"3553","misfortunes",0,0,0,0,1
"3554","missheathed",0,0,0,0,1
"3555","mistaenfor",0,0,0,0,1
"3556","moans",0,0,0,0,1
"3557","monster",0,0,0,0,1
"3558","morsel",0,0,0,0,1
"3559","muffle",0,0,0,0,1
"3560","musty",0,0,0,0,1
"3561","neglecting",0,0,0,0,1
"3562","noted",0,0,0,0,1
"3563","notice",0,0,0,0,1
"3564","noting",0,0,0,0,1
"3565","nuns",0,0,0,0,1
"3566","obsequies",0,0,0,0,2
"3567","opens",0,0,0,0,1
"3568","outcry",0,0,0,0,1
"3569","overwhelming",0,0,0,0,1
"3570","packthread",0,0,0,0,1
"3571","paramour",0,0,0,0,1
"3572","pardond",0,0,0,0,1
"3573","parties",0,0,0,0,1
"3574","partly",0,0,0,0,1
"3575","penury",0,0,0,0,1
"3576","people",0,0,0,0,1
"3577","peruse",0,0,0,0,1
"3578","pestilence",0,0,0,0,1
"3579","pined",0,0,0,0,1
"3580","post",0,0,0,0,2
"3581","posthorses",0,0,0,0,1
"3582","pothecary",0,0,0,0,1
"3583","potion",0,0,0,0,1
"3584","potions",0,0,0,0,1
"3585","pots",0,0,0,0,1
"3586","poverty",0,0,0,0,2
"3587","prefixed",0,0,0,0,1
"3588","presage",0,0,0,0,1
"3589","privy",0,0,0,0,1
"3590","provoke",0,0,0,0,1
"3591","pry",0,0,0,0,1
"3592","punishd",0,0,0,0,1
"3593","punished",0,0,0,0,1
"3594","purge",0,0,0,0,1
"3595","remnants",0,0,0,0,1
"3596","restorative",0,0,0,0,1
"3597","retires",0,0,0,0,3
"3598","returnd",0,0,0,0,1
"3599","rid",0,0,0,0,1
"3600","righteous",0,0,0,0,1
"3601","rigour",0,0,0,0,1
"3602","rocks",0,0,0,0,1
"3603","rode",0,0,0,0,1
"3604","rotten",0,0,0,0,1
"3605","rust",0,0,0,0,1
"3606","sacrificed",0,0,0,0,1
"3607","sacrifices",0,0,0,0,1
"3608","safety",0,0,0,0,1
"3609","sale",0,0,0,0,1
"3610","savagewild",0,0,0,0,1
"3611","scare",0,0,0,0,1
"3612","scatterd",0,0,0,0,1
"3613","scourge",0,0,0,0,1
"3614","seal",0,0,0,0,2
"3615","searchers",0,0,0,0,1
"3616","seasick",0,0,0,0,1
"3617","seeds",0,0,0,0,1
"3618","sell",0,0,0,0,4
"3619","sepulchre",0,0,0,0,2
"3620","severest",0,0,0,0,1
"3621","sheath",0,0,0,0,1
"3622","sheet",0,0,0,0,1
"3623","shelves",0,0,0,0,1
"3624","shop",0,0,0,0,2
"3625","shriek",0,0,0,0,1
"3626","signal",0,0,0,0,1
"3627","simples",0,0,0,0,1
"3628","sisterhood",0,0,0,0,1
"3629","skins",0,0,0,0,1
"3630","sleeping",0,0,0,0,1
"3631","snatching",0,0,0,0,1
"3632","sons",0,0,0,0,1
"3633","soonspeeding",0,0,0,0,1
"3634","sovereign",0,0,0,0,1
"3635","spade",0,0,0,0,2
"3636","stains",0,0,0,0,1
"3637","startles",0,0,0,0,1
"3638","starveth",0,0,0,0,1
"3639","statue",0,0,0,0,1
"3640","steepd",0,0,0,0,1
"3641","stirs",0,0,0,0,1
"3642","stoppd",0,0,0,0,1
"3643","strew",0,0,0,0,4
"3644","stumbled",0,0,0,0,1
"3645","sunder",0,0,0,0,1
"3646","suspected",0,0,0,0,1
"3647","suspecting",0,0,0,0,1
"3648","suspicion",0,0,0,0,2
"3649","taker",0,0,0,0,1
"3650","tatterd",0,0,0,0,1
"3651","tempt",0,0,0,0,1
"3652","therewithal",0,0,0,0,1
"3653","thinly",0,0,0,0,1
"3654","threatened",0,0,0,0,1
"3655","thwarted",0,0,0,0,1
"3656","tigers",0,0,0,0,1
"3657","timeless",0,0,0,0,1
"3658","tombs",0,0,0,0,1
"3659","tortoise",0,0,0,0,1
"3660","tread",0,0,0,0,1
"3661","trembles",0,0,0,0,1
"3662","triumphant",0,0,0,0,1
"3663","trunk",0,0,0,0,1
"3664","tutord",0,0,0,0,1
"3665","unfirm",0,0,0,0,1
"3666","unhallowd",0,0,0,0,1
"3667","unkind",0,0,0,0,1
"3668","unnatural",0,0,0,0,1
"3669","unsavoury",0,0,0,0,1
"3670","unsubstantial",0,0,0,0,1
"3671","untaught",0,0,0,0,1
"3672","urging",0,0,0,0,1
"3673","utters",0,0,0,0,1
"3674","vainly",0,0,0,0,1
"3675","veronahow",0,0,0,0,1
"3676","villanous",0,0,0,0,1
"3677","violence",0,0,0,0,1
"3678","violently",0,0,0,0,1
"3679","visiting",0,0,0,0,1
"3680","wanders",0,0,0,0,1
"3681","warning",0,0,0,0,1
"3682","warns",0,0,0,0,1
"3683","watchman",0,0,0,0,8
"3684","weary",0,0,0,0,1
"3685","whateer",0,0,0,0,1
"3686","whereon",0,0,0,0,1
"3687","whistle",0,0,0,0,1
"3688","whistles",0,0,0,0,1
"3689","whoeer",0,0,0,0,1
"3690","winking",0,0,0,0,1
"3691","worldwearied",0,0,0,0,1
"3692","wrenching",0,0,0,0,1
"3693","wretchedness",0,0,0,0,1
"3694","writes",0,0,0,0,1
"3695","yesternight",0,0,0,0,1
"3696","yewtree",0,0,0,0,1
"3697","yewtrees",0,0,0,0,1
"3698","yoke",0,0,0,0,1
